passenger_id,first_name,last_name,gender,date_of_birth,email,phone,passport_number,nationality
PS00001,Ayush,Jani,Male,1968-11-29,sgaba@example.net,04655973494,Xd3684279,American
PS00002,Gavin,Iyengar,Male,1974-01-11,hcheema@example.net,+913164337623,QS1627200,German
PS00003,Nachiket,Balan,Male,1998-01-07,tripti71@example.com,+911082355620,Kg0147908,French
PS00004,Wishi,Kale,Female,1982-08-28,omalhotra@example.com,06774997587,Iz7953746,French
PS00005,Eesha,Vyas,Female,2002-12-07,lmore@example.org,9076984147,Ua5300999,Singaporean
PS00006,Advika,Mane,Female,1963-07-25,turvi24@example.net,07267082674,pA2472350,British
PS00007,Ayush,Viswanathan,Male,2001-03-31,cheemanisha@example.net,7925775937,Cc3685375,Singaporean
PS00008,Fiyaz,Muni,Male,1978-06-20,anthony93@example.org,02119384635,so7487530,UAE
PS00009,Yashasvi,Saxena,Female,2008-03-25,dinanvi@example.com,05870522211,xh9346589,UAE
PS00010,Janya,Balay,Female,1963-11-01,bumbupkaar@example.com,+918941076162,VY2274886,British
PS00011,Charles,Bhat,Male,1991-04-04,theodore46@example.com,04472649188,Yy1430083,French
PS00012,Baghyawati,Tak,Female,1956-07-26,hviswanathan@example.net,+919496249282,Ss8179914,Australian
PS00013,Manthan,Guha,Male,1975-11-04,abassi@example.com,01916037917,al5695705,British
PS00014,Tanveer,Ramanathan,Male,2007-03-27,prabhujagrati@example.com,08657493472,gd1311024,Indian
PS00015,Lopa,Bir,Female,1957-07-23,chaudharyhemal@example.org,09909174421,Lz4815154,Indian
PS00016,Vaishnavi,Gole,Female,1986-12-25,keya86@example.net,+918132587793,gA1101163,Singaporean
PS00017,Mugdha,Kota,Female,1978-01-18,roywishi@example.com,02794480847,dU3674764,Australian
PS00018,Anay,Subramaniam,Male,1991-12-10,nehachawla@example.com,7864107028,Te0150854,UAE
PS00019,Ekansh,Banerjee,Male,1996-01-26,warhinadkarni@example.com,0919465010,Bw2341265,French
PS00020,Viraj,Sule,Male,1963-03-07,ksengupta@example.net,+911739080337,mH9723367,German
PS00021,Orinder,Gole,Male,1976-09-09,gsolanki@example.org,3748525547,HT4889203,Singaporean
PS00022,Hemani,Nadkarni,Female,1966-05-01,kashvi73@example.com,+910475022284,fD9144889,Singaporean
PS00023,Anamika,Sem,Female,1973-02-25,badamirachita@example.com,+919183678334,qF4028870,American
PS00024,Patrick,Ganesh,Male,1957-10-30,vvenkataraman@example.org,7696352521,Kn5933133,American
PS00025,Gaurika,Jhaveri,Female,1980-08-01,okala@example.org,+913655732902,fD8715151,German
PS00026,Michael,Konda,Male,1973-10-20,vwali@example.org,01776900826,qa1311752,Australian
PS00027,Parth,Sheth,Male,2003-08-05,shettyethan@example.com,08963874337,gH9056784,Japanese
PS00028,Nidhi,Chawla,Female,2004-09-22,udant06@example.net,5279896400,yZ2869061,German
PS00029,Nihal,Singhal,Male,1980-03-09,mandaltanmayi@example.org,+912032401614,ln6407858,Singaporean
PS00030,Sachi,Borde,Female,1965-10-15,gsavant@example.org,2708954296,JI9422566,Canadian
PS00031,Lipika,Bera,Female,1964-07-01,kashvi08@example.com,09140481105,Un4312266,Japanese
PS00032,Vihaan,Pau,Male,1994-04-16,osha14@example.com,+912270451885,xy5754006,Canadian
PS00033,Onveer,Parekh,Male,1990-04-09,gagan79@example.com,+918382925882,Rr0647156,Canadian
PS00034,Andrew,Nayak,Male,1975-10-14,comarkritika@example.com,02232078777,Lw4726155,Canadian
PS00035,Hiral,Halder,Female,1974-12-17,niteshgulati@example.com,4659309257,Dd4994562,American
PS00036,Nidhi,Chakrabarti,Female,1974-08-14,unarayan@example.org,+913614035644,Qi7995166,German
PS00037,Michael,Prakash,Male,1979-06-12,tamanna50@example.net,+919172327322,zY2767013,British
PS00038,Wakeeta,Saha,Female,2001-10-07,jsant@example.org,0640217519,rj4169819,UAE
PS00039,Vinaya,Barad,Female,1983-12-29,ubika05@example.net,05362747640,Ih7602161,UAE
PS00040,Pratyush,Kadakia,Male,1977-07-30,lbajaj@example.com,+915925317819,yt4672721,French
PS00041,Lohit,Krishnan,Male,1975-02-12,ojas88@example.net,+913388926051,eQ6439779,German
PS00042,Ojas,Ratti,Male,1964-04-08,reva47@example.org,+919655761958,ax9931460,UAE
PS00043,Ishani,Basak,Female,1996-07-04,zayan18@example.com,09958385010,KJ2307255,Japanese
PS00044,Kashvi,Boase,Female,1995-07-21,lsamra@example.org,02739095590,ig4232181,Indian
PS00045,Libni,Sarkar,Female,1966-12-27,arjunvarghese@example.com,+915293291839,IX0185167,French
PS00046,Hemangini,Amble,Female,1977-04-10,jbuch@example.net,04429844555,wj7390516,French
PS00047,Jagdish,Sathe,Male,2002-11-06,yashvinadkarni@example.com,+919769693727,cg0616120,British
PS00048,Isaac,Loke,Male,1963-12-29,pbakshi@example.com,+918766093758,pQ6575845,UAE
PS00049,Sudiksha,Mishra,Female,1976-02-20,asetty@example.net,04409646503,Px2076705,UAE
PS00050,Ishita,Thakur,Female,1966-01-28,eiravati79@example.net,9429209091,Ix2989943,French
PS00051,Megha,Natt,Female,1996-07-18,ibahri@example.com,+914642797828,yO7390918,Japanese
PS00052,Sathvik,Dhingra,Male,1991-11-29,ishwar52@example.org,7819629809,zQ5488159,Indian
PS00053,Agastya,Narayanan,Male,1969-08-31,dhruv72@example.org,+913255551137,ap9277056,British
PS00054,Bishakha,Vaidya,Female,1977-06-18,chakrabartijanuja@example.com,08070463150,un5220240,Australian
PS00055,Laban,Toor,Male,1995-01-27,advikadas@example.org,+917877529765,yf3232031,German
PS00056,Netra,Viswanathan,Female,1997-11-07,unnati48@example.com,07619386475,AX2783570,Japanese
PS00057,Neha,Bassi,Female,1968-07-19,kreddy@example.net,5672517097,Na1460561,Canadian
PS00058,Warinder,Buch,Male,2000-12-12,xkeer@example.org,4144751960,MA9685614,Singaporean
PS00059,Lavanya,Oak,Female,1958-10-31,falan69@example.net,01316596238,zY3699730,American
PS00060,Anay,Barad,Male,1981-05-26,tanay50@example.com,04480625668,ny7341836,British
PS00061,Zansi,Sachdev,Female,2005-07-23,brindapingle@example.org,4948472506,ET7240819,French
PS00062,Lopa,Sandhu,Female,1967-10-08,hrau@example.net,01266106872,TE6586632,French
PS00063,Chanchal,Pingle,Female,1963-10-30,jason32@example.org,+917096028877,FM7943455,Indian
PS00064,Daksha,Murty,Female,1999-08-08,yashawini86@example.com,04003680987,rb1785073,Australian
PS00065,Teerth,Sethi,Male,2007-07-08,gaurijain@example.net,0559628558,XK8824485,Singaporean
PS00066,Ekanta,Lad,Female,1987-10-08,contractorirya@example.org,4640637947,xR3361507,Canadian
PS00067,Samar,Varkey,Male,1986-08-02,nazarethqabil@example.com,05748366643,MT5354736,Canadian
PS00068,Leena,Rattan,Female,1959-10-14,niteshreddy@example.org,0827146279,iX0773343,Australian
PS00069,Samuel,Das,Male,1998-07-13,samuel62@example.com,03560733037,mI8385690,Indian
PS00070,Aashi,Chaudhary,Female,2001-07-14,gsankar@example.org,+917992342396,SR0756802,Indian
PS00071,Vaishnavi,Minhas,Female,1994-11-30,raaginidani@example.org,+917325738294,Ef5349541,Indian
PS00072,Mahika,Wali,Female,1963-09-03,vohraurvashi@example.net,+916099086831,WT4182451,Australian
PS00073,Aashi,Saran,Female,2003-01-26,niharika17@example.com,8291208451,ME4415710,German
PS00074,Adya,Nagi,Female,1956-04-17,borrageorge@example.net,07353726690,gd8267543,Australian
PS00075,Radha,Pathak,Female,2006-05-03,pillaysamar@example.org,9284286576,mL8858135,French
PS00076,Barkha,Shere,Female,1995-09-19,joshiwyatt@example.org,+914623661639,jN0784317,UAE
PS00077,Lajita,Sha,Female,1970-07-22,tanish06@example.org,8880508610,Md1502450,German
PS00078,Benjamin,Thakkar,Male,1956-03-19,ztank@example.com,5103219827,Gj6798837,Canadian
PS00079,Megha,Lala,Female,2008-06-23,daminiraju@example.org,2562169388,du1500062,French
PS00080,Wriddhish,Borah,Male,2008-06-07,vkarpe@example.com,3733548246,NE3631262,Japanese
PS00081,Geetika,Kalla,Female,1993-10-24,vasana51@example.com,+916852872115,AS7613789,German
PS00082,Sarthak,Kadakia,Male,1991-12-14,rdhaliwal@example.com,04279437633,aW8602054,American
PS00083,Bhavani,Bhat,Female,1971-03-04,finn41@example.org,3371809631,Hj0817895,German
PS00084,Isaiah,Raval,Male,1973-07-18,bailabhimanyu@example.net,00632121743,zO2162047,Singaporean
PS00085,Ayush,Kanda,Male,1979-04-27,ladli29@example.com,4210184252,NJ9971273,Canadian
PS00086,Chaitanya,Patla,Male,1963-04-01,sudikshachand@example.net,09321727913,Kh4465033,Australian
PS00087,Advaith,Dugal,Male,1969-08-08,kashishhora@example.com,05186262557,jx5338389,French
PS00088,Vaishnavi,Mander,Female,1997-09-09,walidhriti@example.org,8781397186,Tw7970143,Australian
PS00089,Bhavya,Vala,Female,1975-07-25,orinder20@example.com,3542255407,sV4902808,German
PS00090,Aashi,Brar,Female,1975-06-17,banikdaksha@example.net,08754073319,Ur1320026,German
PS00091,Girik,Mani,Male,1969-04-09,vasatika26@example.net,+913357518592,yx9792465,Australian
PS00092,Janaki,Dube,Female,1987-06-24,bkari@example.net,+915476472509,jh7807581,Japanese
PS00093,Urvashi,Saini,Female,1981-09-26,ramarushil@example.com,09883026378,LK1143407,British
PS00094,Leela,Narayan,Female,1960-01-15,vermapallavi@example.com,+919326590767,fK2057227,German
PS00095,Neha,Buch,Female,2001-11-12,ira52@example.net,06448009612,CD4038616,Singaporean
PS00096,Darpan,Kulkarni,Male,1977-03-23,esengupta@example.net,01803241092,ni8656489,French
PS00097,Yasti,Murthy,Female,1995-09-17,kraval@example.org,09673050043,as7461722,Singaporean
PS00098,Bahadurjit,Balakrishnan,Male,1989-04-15,kurianfarhan@example.org,09677734589,KI6212633,Canadian
PS00099,Gopal,Hayer,Male,1960-05-29,hemangpadmanabhan@example.net,+911061046820,wk6653000,UAE
PS00100,Chakrika,Sane,Female,1995-11-23,waglexavier@example.net,05070141393,Sd8364492,German
PS00101,Aarav,Das,Male,1961-06-20,madanpahal@example.net,+919698119044,nu7554358,French
PS00102,Kiaan,Ben,Male,1985-02-14,aayushkrishnan@example.com,+910232259556,Mr3104977,German
PS00103,Tanmayi,Sharaf,Female,1974-04-17,hsodhi@example.org,01347446236,vT0941721,Canadian
PS00104,Oviya,Lalla,Female,1964-09-14,nshetty@example.org,+915155960946,zm6073014,UAE
PS00105,Nirja,Bose,Female,1995-11-30,bgokhale@example.org,9530943186,fL3368459,German
PS00106,Vrishti,Subramaniam,Female,2005-04-20,imanne@example.net,04861796433,ro5263013,Japanese
PS00107,Lekha,Narayan,Female,1991-10-10,jacobbarman@example.com,+912594556895,yl9368410,Canadian
PS00108,Yachana,Bobal,Female,1990-11-19,rgarde@example.net,03755047538,Pp2600065,Indian
PS00109,Jatin,Dugal,Male,1985-08-16,ychand@example.com,01911594493,qj2861182,British
PS00110,Siddharth,Pandey,Male,2007-10-09,yochana06@example.com,6195453226,fw1903566,British
PS00111,Wyatt,Chada,Male,2002-04-10,ukarnik@example.com,+918933507997,Kj8729051,Singaporean
PS00112,Oviya,Sahota,Female,1991-03-18,nandinibawa@example.com,08723913179,ww1144026,French
PS00113,Upma,Sane,Female,2008-01-12,lmohanty@example.net,01925058813,fb1383398,UAE
PS00114,Abhiram,Savant,Male,1983-08-06,joshua90@example.org,00916338702,NI2520803,UAE
PS00115,Yatin,Patil,Male,2000-04-23,daliaethan@example.org,05660602063,Gt0723133,UAE
PS00116,Meghana,Ganesh,Female,1995-02-07,ekapad09@example.org,1328823282,RH1361604,Indian
PS00117,Tarak,Saraf,Male,2005-09-22,omya23@example.net,+917633119606,UA1703496,Australian
PS00118,Aashi,Wagle,Female,1956-01-11,devika13@example.org,03301780059,FX3516064,American
PS00119,Rachit,Kuruvilla,Male,1959-11-06,ira02@example.net,8131452972,wa6485230,Canadian
PS00120,Divya,Tara,Female,1963-07-07,saanvi85@example.net,05499020305,Zr0834988,American
PS00121,Ojasvi,Sood,Female,1984-09-05,aarnasarna@example.net,8412362692,hb8435908,American
PS00122,Aahana,Banik,Female,2003-09-03,jeremiah78@example.com,02646372282,rt0438456,Japanese
PS00123,Dhriti,Karnik,Female,1986-06-11,dalbirdass@example.org,03197081532,uv5085464,German
PS00124,Kala,Kari,Female,1995-10-20,ekanta36@example.org,+915003132211,wf3674294,Japanese
PS00125,Neha,Patil,Female,1995-09-16,jmani@example.net,07145558812,xl4047254,American
PS00126,Jonathan,Shankar,Male,1970-06-16,ydey@example.org,+916994275043,cQ2524272,British
PS00127,Vihaan,Agrawal,Male,1976-01-08,timothybose@example.org,7202404906,CY6010409,Japanese
PS00128,Frederick,Karnik,Male,1999-06-04,keyachaudhuri@example.net,+918284190556,yK2195006,German
PS00129,Viraj,Bhatia,Male,1959-07-30,fmodi@example.com,07215568916,nG4952127,Australian
PS00130,Charan,Kalla,Male,2005-04-16,siyanarula@example.net,+916428547870,lX7968062,Indian
PS00131,Dalaja,Deshpande,Female,1987-05-28,zehaanchana@example.net,09979189667,Gx0150362,French
PS00132,Veer,Singhal,Male,1997-10-06,umangbrar@example.com,9908562180,bI3807588,UAE
PS00133,Yashoda,Rege,Female,1970-11-12,kuriantarak@example.org,08953932612,VR7535937,Singaporean
PS00134,Zayyan,Prashad,Male,1984-04-06,chandyashvi@example.com,3267558909,ob9725430,American
PS00135,Hredhaan,Anne,Male,1980-05-24,surathomas@example.com,06648568407,Br8088835,Indian
PS00136,Nachiket,Saran,Male,1958-09-16,radhika77@example.org,04989544750,gi2405332,Singaporean
PS00137,Luke,Kibe,Male,1961-03-26,farhan55@example.com,2827847590,aa1115211,Australian
PS00138,Arunima,Tandon,Female,1971-01-16,aganesh@example.net,02741559626,XO8985801,Australian
PS00139,Vanya,Soni,Female,2003-02-11,badaminoah@example.net,06556870071,bE7981572,Canadian
PS00140,Radha,Vohra,Female,1978-12-29,nachiketsaran@example.org,01327284682,Ov4830575,German
PS00141,Lekha,Saxena,Female,1994-11-21,naksh07@example.org,08815411152,gY2870449,Australian
PS00142,Timothy,Bala,Male,1990-02-27,ijaya01@example.org,06235456821,xq5019425,Australian
PS00143,Adweta,Taneja,Female,1979-09-04,gabriel23@example.net,1281644702,fM1031354,Canadian
PS00144,Abha,Gola,Female,1999-12-25,ikar@example.org,07897846979,ck7746463,Australian
PS00145,Samarth,Venkataraman,Male,1968-08-03,bhavya77@example.org,00330914459,Mw4684796,American
PS00146,Veer,Rana,Male,1975-09-05,aryan18@example.net,8790734380,Zk8548065,German
PS00147,Janaki,Sangha,Female,1974-05-08,desaikrishna@example.net,+918690746359,Or3610048,French
PS00148,Sanaya,Sodhi,Female,1986-08-18,mwalia@example.net,09877842563,wI6604104,Japanese
PS00149,Pratyush,Koshy,Male,1990-10-05,chanchaldua@example.com,+915841302588,Lq1343563,Singaporean
PS00150,Balhaar,Muni,Male,1973-07-23,vvora@example.net,+910775660072,bA5190908,UAE
PS00151,Ria,Bhattacharyya,Female,2001-04-30,lila79@example.com,03455102810,nm8559025,British
PS00152,Abdul,Suresh,Male,1968-05-10,bavaom@example.com,07398503151,Dg3676303,French
PS00153,Ekta,Pradhan,Female,1965-04-17,chaudrylaksh@example.net,02317235092,AU5437530,Singaporean
PS00154,Balendra,Gupta,Male,1987-05-27,anmolkannan@example.com,01857576944,kc9023468,German
PS00155,Dev,Raja,Male,2004-06-14,ekiyasingh@example.org,02788147585,nZ8565633,British
PS00156,Eshana,Gill,Female,1980-06-21,zjani@example.org,7975029767,ib9022463,German
PS00157,Anita,Yogi,Female,1973-11-19,boasegunbir@example.com,+913554690305,lU3559325,Canadian
PS00158,Timothy,Pandey,Male,2005-08-18,seshadribalvan@example.com,07717209843,to5189832,American
PS00159,Faris,Mammen,Male,2003-10-13,dbhattacharyya@example.com,07741595506,vv2011864,British
PS00160,George,Chowdhury,Male,1990-03-16,gmody@example.com,00667976432,AQ7706858,American
PS00161,Nicholas,Din,Male,1985-07-29,moraryagnesh@example.com,+919767022993,dg6346582,Australian
PS00162,Karan,Swamy,Male,1988-06-10,smodi@example.org,08089874519,Ck9544600,French
PS00163,Triya,Memon,Female,1957-04-24,srinivasanchavvi@example.org,+916339950207,ka1018008,Canadian
PS00164,Lakshmi,Suresh,Female,1984-05-21,mohammed10@example.com,8811366836,Dp5983206,German
PS00165,George,Khare,Male,2005-05-15,nirjatata@example.com,+913540791394,AO1999690,UAE
PS00166,Qushi,Bahri,Female,1985-04-05,nhalder@example.net,4551091769,zF9155715,French
PS00167,Mekhala,Dhawan,Female,1959-02-17,samarnarain@example.net,1061106437,zR7021934,Indian
PS00168,Wakeeta,Bhalla,Female,1993-02-26,chaitanyadhar@example.com,03328084214,Lg6081249,German
PS00169,Jason,Rege,Male,1964-08-08,hemangini85@example.net,+911547194239,ca9862792,Indian
PS00170,Ranveer,Khalsa,Male,1983-06-09,wriddhish78@example.net,1630436371,lV3264602,French
PS00171,Tara,Vala,Female,1964-05-18,yadavisoni@example.com,03179021690,Nc6671362,British
PS00172,Frado,Wali,Male,2008-05-06,ybumb@example.org,+916597854918,cc8641821,Australian
PS00173,Lakshit,Nigam,Male,1963-02-19,somyashasvi@example.com,9247234047,ol8876478,British
PS00174,Watika,Srinivasan,Female,1965-12-21,yashawinijani@example.net,08105300984,Qb5931480,French
PS00175,Veer,Padmanabhan,Male,1975-02-01,turvi79@example.com,5411680620,JU1331938,Singaporean
PS00176,Aarav,Mukherjee,Male,1960-05-20,prabhakarreyansh@example.com,01848973076,Qz5997010,UAE
PS00177,Tara,Muni,Female,1991-10-18,dmangat@example.net,9005118601,Kp8837495,UAE
PS00178,Dev,Sharma,Male,1979-12-08,vbhagat@example.org,+918250346143,DD7107055,French
PS00179,Zehaan,Shroff,Male,1957-06-09,bavalajita@example.com,+912427904289,zb2418373,Australian
PS00180,Jairaj,Kothari,Male,1978-08-23,hvenkataraman@example.com,5901175487,ti1206434,American
PS00181,Dalaja,Dutta,Female,1968-09-13,aurorawilliam@example.org,3001978533,hO6261734,UAE
PS00182,Garima,D’Alia,Female,1975-04-02,kbansal@example.net,2541675748,PD1758420,British
PS00183,Omkaar,Dayal,Male,1968-11-18,bakhshi67@example.com,03428997471,vl9063825,Canadian
PS00184,Lucky,Balay,Male,1987-01-12,deviteerth@example.com,02488334183,bO2209911,Singaporean
PS00185,Udant,Mahajan,Male,1981-03-22,yashodhara27@example.net,01894746454,qk4837631,Indian
PS00186,Radhika,Sarraf,Female,1985-06-08,imangat@example.com,+912257800198,JZ2525577,British
PS00187,Saksham,Rai,Male,1990-01-23,rnarain@example.org,4907987364,hz9090877,British
PS00188,Yatin,Chaudhuri,Male,1996-12-13,bishakharanganathan@example.net,+913178752354,sc1091881,Japanese
PS00189,Robert,Bath,Male,1983-02-23,narangisaac@example.org,8900866932,Ar9918287,French
PS00190,Nirja,Balay,Female,1997-04-14,pinglejanuja@example.com,+916661715668,GA1500928,Singaporean
PS00191,Sai,Rai,Male,1975-08-14,gautam11@example.org,01587053563,iE4098513,Australian
PS00192,Hiral,Trivedi,Female,2002-05-14,ldevan@example.net,0750161416,ts7563830,French
PS00193,Kashvi,Bhavsar,Female,1957-03-06,raypratyush@example.org,+913674551235,Wb5763215,UAE
PS00194,Falan,Behl,Male,1989-12-05,rrajan@example.net,02336811867,vL8851371,British
PS00195,Ekantika,Mohan,Female,1956-08-12,vasudhakrishnamurthy@example.net,+915465364154,mo7460217,American
PS00196,Varsha,Suresh,Female,1963-07-10,balveerwalla@example.com,02433611288,Km7179045,American
PS00197,Jagat,Nath,Male,1966-08-20,yutika28@example.org,1863025773,aV5251429,Indian
PS00198,Ekta,Borde,Female,1967-03-25,sankarantejas@example.com,04587655128,fi4017650,American
PS00199,Shravya,Bora,Female,2003-11-30,rchawla@example.net,+919166329469,Ze7051656,French
PS00200,Isaiah,Jani,Male,1965-02-10,adwetaraju@example.org,+915236957669,uV4711964,French
PS00201,Kiaan,Kalla,Male,1992-05-18,hiralsehgal@example.net,+917904664689,lx9146985,French
PS00202,Charvi,Baria,Female,1973-08-25,gadeidika@example.org,9174430478,po1919943,British
PS00203,Champak,Hayre,Male,1989-06-19,chakrabortytheodore@example.net,05336503486,KL4632993,Japanese
PS00204,Pahal,Bhandari,Female,1982-07-18,senguptagirindra@example.com,06016419910,Yd7916020,Japanese
PS00205,Naksh,Suri,Male,1965-02-05,rganguly@example.com,8589867972,Hi3675813,Canadian
PS00206,Vihaan,Chaudhry,Male,1997-11-01,hmadan@example.net,03857821498,WV6332603,Australian
PS00207,Sneha,Thakur,Female,1973-05-16,chasmum62@example.net,+919400564180,Cu5868950,Japanese
PS00208,Bahadurjit,Nayak,Male,1958-04-23,vahuja@example.net,00885670409,vx2407407,German
PS00209,Saumya,Chadha,Female,2006-03-30,charleskaul@example.org,4299615071,dL5480598,German
PS00210,Ekansh,Johal,Male,1957-07-28,chakradev43@example.org,+914336722368,ju0192640,British
PS00211,Yamini,Saini,Female,1969-09-25,sachdevindali@example.org,+916002125975,rf7410300,Australian
PS00212,Advika,Srinivas,Female,1991-01-24,udantaggarwal@example.org,01995929205,hR4949766,Indian
PS00213,Aarav,Lanka,Male,1964-09-01,wsekhon@example.org,9919083964,uZ5726482,British
PS00214,Nilima,Om,Female,1962-07-11,uramesh@example.com,+918238852988,Sb0642651,German
PS00215,Urishilla,Yadav,Female,1973-12-11,wramachandran@example.com,01047461887,bm9603831,Australian
PS00216,Henry,Dutt,Male,1959-08-15,dharvasudha@example.net,+911338619675,jQ0115813,Australian
PS00217,Rachana,Deol,Female,2002-02-17,lajitavarma@example.net,08466895316,rD6907561,Singaporean
PS00218,Sai,Golla,Male,1978-09-19,caleb96@example.net,+918829801776,Ak8776403,French
PS00219,Yasti,Bahri,Female,1981-10-11,siya66@example.org,03058047044,Ek8421909,Indian
PS00220,Falan,Bahri,Male,1966-08-22,aadipathak@example.net,+914499489820,OP2654361,Indian
PS00221,Anamika,Reddy,Female,1970-08-11,mohammed50@example.com,+911448172006,Jc9766375,French
PS00222,Lakshit,Mammen,Male,1965-10-13,unnimani@example.org,3341042769,iU0863369,American
PS00223,Omisha,Mannan,Female,1971-10-20,falguni11@example.org,+916018118525,Pi9492510,German
PS00224,Veer,Narang,Male,1994-09-21,fsarna@example.com,1588850417,zk0376407,Japanese
PS00225,Ayaan,Varghese,Male,1982-08-29,xraval@example.com,04124201284,ws5258052,Indian
PS00226,Chaitaly,Bose,Female,1974-03-28,krishanne@example.org,+910671475243,Bp3615512,British
PS00227,Xiti,Chand,Female,1960-07-04,thakurvasatika@example.org,+912272196582,XZ0021925,UAE
PS00228,Indira,Mitra,Female,1964-05-18,gaurangirajagopalan@example.org,04635592946,aB9923441,American
PS00229,Deepa,Sinha,Female,1963-12-13,vansha18@example.com,02651423280,YJ7496553,French
PS00230,Vyanjana,Grover,Female,1972-09-10,tristan55@example.net,8674896307,lw8445703,American
PS00231,Hemangini,Nagar,Female,1983-09-28,maharajgunbir@example.com,02225219287,zU7317541,Australian
PS00232,Finn,Devan,Male,1996-09-26,ybaria@example.org,+918380381648,VF8736130,Singaporean
PS00233,Urvi,Mohanty,Female,1999-03-31,magarqushi@example.com,06573913235,aS2457669,UAE
PS00234,Damyanti,Balan,Female,2001-10-05,csawhney@example.net,09834868995,ZJ6448946,Australian
PS00235,Yashodhara,Madan,Female,1993-08-17,tanmayisama@example.net,04665868582,lM1150306,German
PS00236,Hemang,Pingle,Male,1973-11-27,qasim18@example.net,03506896512,dc1456963,German
PS00237,Devika,Sha,Female,1980-06-11,falankapoor@example.net,+913506681531,yQ3383932,American
PS00238,Neha,Patil,Female,1956-07-31,vdevi@example.net,03941201601,lT3413353,Canadian
PS00239,Rishi,Kurian,Male,2004-10-19,mugdhabakshi@example.org,2283831069,aN4124955,Singaporean
PS00240,Upasna,Chauhan,Female,1979-08-11,csunder@example.net,5855781263,qq6316544,British
PS00241,Chatura,Krish,Male,1968-01-11,ojaswadhwa@example.net,01781957102,iZ1645244,Australian
PS00242,Daksha,Prabhu,Female,1994-05-14,vnazareth@example.org,05685270874,bw2411990,Japanese
PS00243,Lakshit,Majumdar,Male,1999-10-03,varenya26@example.net,+910804746503,dQ8077426,German
PS00244,Tanveer,Saini,Male,2003-10-01,reddylakshmi@example.org,+913291683950,HD5378110,UAE
PS00245,Rishi,Goswami,Male,2005-01-05,varugheseriya@example.net,9024144562,yl2310219,Canadian
PS00246,Ira,Edwin,Female,2006-11-29,ahluwaliasai@example.com,+915135550755,kJ8718921,Singaporean
PS00247,Jyoti,Lata,Female,2006-01-13,rattigeorge@example.net,+914608606101,sP5747175,German
PS00248,Bina,Salvi,Female,1981-05-02,dasekantika@example.net,9644192595,Cp6331012,UAE
PS00249,Radhika,Sunder,Female,1973-02-22,nimratsen@example.org,01194839389,nz6918780,German
PS00250,Gauri,Tara,Female,1956-03-20,dayitapal@example.org,+912109485241,BS2102563,Singaporean
PS00251,Harshil,Gour,Male,1992-03-26,bprabhu@example.org,02102428599,Yw3294650,British
PS00252,Wahab,Gulati,Male,1965-03-22,isha57@example.org,01054066670,Jg3473525,Australian
PS00253,Arunima,Dewan,Female,2007-01-17,ekumar@example.net,3178539778,LD6150453,American
PS00254,Suhani,Bora,Female,1993-05-03,ishanishan@example.com,+914293678442,Uj6392412,British
PS00255,Jason,Raj,Male,1982-02-21,palyasti@example.net,+916243745214,Lz5108652,German
PS00256,Tara,Kibe,Female,2004-07-23,ramaodika@example.net,0246548799,lE3011750,German
PS00257,Ishaan,Agrawal,Male,2001-07-05,jmuni@example.org,01989112439,sV0679554,Singaporean
PS00258,Ekalinga,Nayak,Male,1989-09-16,sankaranmegha@example.com,6706778517,Kd3784647,German
PS00259,Vivaan,Yadav,Male,1964-04-19,mnaidu@example.net,04489473745,QV1927278,Japanese
PS00260,Fariq,Kade,Male,1978-01-24,pavani02@example.net,4779454434,gY1347097,Australian
PS00261,Farhan,Mane,Male,2006-07-22,sanya63@example.net,4410712364,dI8943032,German
PS00262,Nimrat,Munshi,Female,2004-09-12,odara@example.org,5603277871,AF1840376,German
PS00263,Isaiah,Reddy,Male,1985-04-24,sabharwalvamakshi@example.com,8705853101,SC8477571,UAE
PS00264,Abha,Chauhan,Female,1991-11-28,bhatnagarkashvi@example.org,9741876870,Ny5637554,American
PS00265,Eiravati,Varughese,Female,1973-07-10,atwalvaishnavi@example.org,0280102088,QT9685990,British
PS00266,Udyati,Bala,Female,1963-11-03,gandhirehaan@example.org,04850360269,rA5000039,Japanese
PS00267,Ladli,Chowdhury,Female,1966-09-15,shivanshkant@example.net,0781037293,Ll2449194,UAE
PS00268,Darsh,Kannan,Male,1980-03-04,dugaleshana@example.com,4247444635,cI8640346,Australian
PS00269,Sneha,Chandra,Female,1972-07-03,zarnamistry@example.net,+914648305616,Ck9008406,American
PS00270,Xalak,Seshadri,Female,1966-12-05,dsarraf@example.com,+915221979187,Si5526200,Indian
PS00271,Bhavya,Saran,Female,1983-05-27,vdhawan@example.net,07663992772,OZ7548610,Canadian
PS00272,Ekta,Subramaniam,Female,1970-02-19,ltiwari@example.org,+918997338948,Qy0042944,American
PS00273,Triveni,Balan,Female,1993-07-09,michaelreddy@example.org,05498151200,VA1652845,American
PS00274,Harsh,Thaman,Male,2000-04-06,narayansachi@example.org,+911667482375,bI5259838,Japanese
PS00275,Avi,Salvi,Male,1965-06-13,umadan@example.com,7062995067,Cn6647899,Australian
PS00276,Samarth,Chakraborty,Male,1979-03-09,ojasvi63@example.org,+913828386894,uV0920929,American
PS00277,Dhriti,Venkatesh,Female,2004-04-09,rachanabaral@example.net,06576359514,eY0141248,German
PS00278,Niharika,Pandya,Female,2001-01-11,lkale@example.net,01146372619,mV3938448,British
PS00279,Samesh,Mall,Male,2004-11-06,gandhidaksha@example.com,+917633039910,tw4732445,Singaporean
PS00280,Tanay,Upadhyay,Male,1978-10-02,anvisubramanian@example.net,+915555242462,Lm4945290,Indian
PS00281,Avi,Bhat,Male,2005-04-09,girik35@example.org,06664806753,wA5505835,French
PS00282,Vinaya,Brar,Female,1964-08-26,edwinshivansh@example.net,9932807838,GN7176489,American
PS00283,Panini,Sule,Female,1987-01-06,aroraudarsh@example.com,06231802481,cb7606148,Japanese
PS00284,Zilmil,Issac,Female,2002-10-05,routkavya@example.net,08411731019,jE6238813,Indian
PS00285,Rajata,Virk,Female,1968-08-15,ladhamsini@example.org,+914834244544,mB0312881,German
PS00286,Gunbir,Boase,Male,2001-04-18,tkala@example.org,03834154705,Nd0800196,Canadian
PS00287,Xiti,Bobal,Female,1994-02-23,ggera@example.com,06543731697,hM4422276,UAE
PS00288,Advay,Prashad,Male,1980-05-02,waidachakrabarti@example.net,3718136801,VC2990189,Australian
PS00289,Hemani,Nagar,Female,2001-05-22,warjas52@example.org,04089530193,JA1685176,Japanese
PS00290,Alexander,Nagar,Male,1981-11-17,vedapanchal@example.com,+912155976995,dp5824487,Japanese
PS00291,Ekavir,Balasubramanian,Male,1962-08-07,gautam92@example.net,02222077360,Cl4596501,Singaporean
PS00292,Harita,Nayar,Female,1960-10-21,irau@example.com,+919158597842,qy1380123,German
PS00293,Lekha,Tripathi,Female,1997-06-19,etasundaram@example.com,+915084782237,uf3298044,French
PS00294,Kiaan,Devan,Male,1998-10-27,inayamagar@example.com,+915504022149,ZP2939257,Canadian
PS00295,Ira,Master,Female,1968-08-05,suraadvay@example.com,01219135623,eN9268208,Australian
PS00296,Daniel,Bal,Male,2002-12-18,benjamin72@example.org,4749206381,qW5278394,British
PS00297,Charita,Keer,Female,2003-04-14,jagdishsinha@example.net,+919735864846,Kz8425147,French
PS00298,Daksh,Dasgupta,Male,1960-09-23,rajeshri46@example.org,8291552829,fM5244013,German
PS00299,Urmi,Balan,Female,1973-01-17,khatriranbir@example.org,7655896381,ee9844757,American
PS00300,Kashish,Natarajan,Female,1999-04-27,rajanpavani@example.org,+914040714750,QO3509392,Japanese
PS00301,Krisha,Gole,Female,2000-08-31,chaudhrygaurang@example.org,1697474088,US4526833,Japanese
PS00302,Yahvi,Walla,Female,1979-11-02,samadiya@example.net,+912954171076,Tx2507200,Australian
PS00303,Yashica,Parikh,Female,1985-09-26,biyer@example.net,+911725086476,lN0942690,Singaporean
PS00304,Ekalinga,Mishra,Male,1970-04-30,wbaria@example.org,3176280779,IM6358302,German
PS00305,Zayan,Sekhon,Male,2006-06-07,idewan@example.com,2018450608,hZ3124121,Japanese
PS00306,Nathan,Mitra,Male,1986-05-25,gaurangsankaran@example.net,01362185162,eA0628723,German
PS00307,Turvi,Dalal,Female,1957-12-09,vvarghese@example.com,0256679356,Zt5750091,German
PS00308,Yutika,Memon,Female,2000-12-24,dayamainadig@example.com,02629879212,Ju0567104,UAE
PS00309,Mohini,Sarraf,Female,1971-01-09,kkaul@example.com,3611892043,ZS7240523,German
PS00310,Chakrika,Saran,Female,1999-08-17,borrachristopher@example.com,04722218794,aI1567321,British
PS00311,Ishwar,Barman,Male,1982-07-18,isingh@example.org,03837365489,zJ4171547,American
PS00312,Aadi,Bala,Male,2004-05-22,gunbir34@example.org,2800298530,kv0697246,UAE
PS00313,Max,Ben,Male,2007-10-10,ravelgautami@example.net,02404874788,yc0252787,Indian
PS00314,Tejas,Choudhary,Male,1981-05-01,sahnigautam@example.org,+914486684446,ef1697337,Indian
PS00315,Ekansh,Issac,Male,1974-01-12,ravelyashodhara@example.net,5531242766,Sq4522423,French
PS00316,Lila,Saraf,Female,1972-12-05,rchar@example.net,5114641351,Hd2724291,Japanese
PS00317,Manya,Thakur,Female,1992-04-25,arinbedi@example.org,+911296928004,ig3443254,British
PS00318,Zinal,Andra,Female,1983-04-16,udarsh95@example.com,+911941908578,IT2481647,Singaporean
PS00319,Meghana,Chaudhary,Female,1963-02-19,reddyabdul@example.org,1868943633,Ps6217201,Japanese
PS00320,Nisha,Viswanathan,Female,1955-11-03,gkannan@example.com,7024739666,Ib2876388,French
PS00321,Triya,Nanda,Female,1969-07-30,wridesh09@example.net,06833184979,cf9446993,Australian
PS00322,Onveer,Babu,Male,1988-12-31,drao@example.net,05355119271,WG0755860,Singaporean
PS00323,Sai,Oza,Female,1976-01-26,ranveer40@example.org,+911477984298,VO1818066,German
PS00324,Ayaan,Ghose,Male,1969-03-02,sarnalavanya@example.org,+918338785227,aC0732324,German
PS00325,Frederick,Chaudhuri,Male,1970-10-03,yatindevi@example.com,+910118159029,tq7221617,French
PS00326,Damini,Dugar,Female,1962-10-20,megha69@example.org,08049440694,ka4903433,UAE
PS00327,Balendra,Apte,Male,1995-12-21,niharikapatla@example.com,9605516735,kC4533416,Japanese
PS00328,Krishna,Khatri,Male,1973-01-25,guneet55@example.net,02017593483,dt1703065,British
PS00329,Udyati,Rau,Female,2006-01-15,karanjaggi@example.net,09805255707,tn3442342,German
PS00330,Neel,Sarraf,Male,1999-04-13,indrajitbera@example.org,+918088360593,Uq0549731,Canadian
PS00331,Hiral,Ramachandran,Female,1963-09-02,nkhosla@example.org,+916367116055,IQ3668366,Japanese
PS00332,Nitesh,Bala,Male,2007-12-03,pahalbobal@example.com,03211974654,Zf4313271,French
PS00333,Yashasvi,Viswanathan,Female,1960-12-06,ranganathanleena@example.com,+919530643208,HG6367389,French
PS00334,Osha,Jani,Female,1968-07-27,joshuamody@example.org,5708872312,JA3172759,Canadian
PS00335,Ethan,Mane,Male,1999-04-04,pradhanqadim@example.com,09752123655,ne6597054,Indian
PS00336,Triya,Nadig,Female,1966-07-03,berarudra@example.com,3980202903,RA3021681,UAE
PS00337,Sara,Vora,Female,1989-08-07,aryabains@example.org,09984739523,xH8062821,Singaporean
PS00338,Ojasvi,Bhagat,Female,1999-08-19,aradhakrishnan@example.com,+919896090372,kb8823662,French
PS00339,Mahika,Misra,Female,1984-03-28,gangulydavid@example.org,8886018526,aQ5066884,Australian
PS00340,Benjamin,Varma,Male,2003-04-16,bhavika19@example.com,07847577131,KW9191903,Australian
PS00341,Yoshita,Thakur,Female,1957-05-09,gdugar@example.com,4443833565,Bo0391291,German
PS00342,Harish,Mann,Male,1959-05-14,fradosavant@example.net,6445476716,Rc8751431,British
PS00343,Rudra,Patla,Male,1994-06-29,vivaan16@example.org,01880816825,BE4043503,Australian
PS00344,Azad,Kar,Male,1983-06-28,naksh72@example.com,+911643472299,XA5741039,Indian
PS00345,Ekiya,Choudhury,Female,1996-10-03,samar29@example.org,+917080962230,Bt6204251,American
PS00346,Advik,Badal,Male,1992-07-07,ddatta@example.net,6906788795,Sn3627633,American
PS00347,Ekapad,Kar,Male,1995-06-22,yochanamann@example.com,+911853594968,Fd8499468,Singaporean
PS00348,Zehaan,Shetty,Male,1990-11-09,sarkarcharvi@example.org,02345151412,Vd1722948,British
PS00349,Januja,Kuruvilla,Female,1994-03-05,chandanithakur@example.net,03784222353,SJ2008964,Indian
PS00350,Champak,Chawla,Male,2002-09-12,mbahl@example.net,5855080907,Dr0318548,British
PS00351,Oeshi,Acharya,Female,1995-08-29,chadhanandini@example.com,2780872613,PC3012495,Indian
PS00352,Bachittar,Banik,Male,1962-10-26,gautami73@example.net,+913343505257,wr4031923,Japanese
PS00353,Hitesh,Chowdhury,Male,1957-12-22,sachdevjanani@example.net,5793888927,gL0198634,UAE
PS00354,Jacob,Solanki,Male,1994-09-15,ishaniparsa@example.com,01465530495,CW2038252,Japanese
PS00355,Bina,Jhaveri,Female,1960-06-27,jaggiqarin@example.com,+913007464083,PT0168768,UAE
PS00356,Tripti,Nadkarni,Female,1963-10-20,ghans@example.org,0946725865,uu0053259,British
PS00357,Rachita,Mallick,Female,1969-08-21,gagangrewal@example.com,04872595732,ll1171154,British
PS00358,Nakul,Sastry,Male,1993-09-18,fsibal@example.org,02168715995,QF4381812,Australian
PS00359,Vincent,Rege,Male,2005-12-18,hansanita@example.org,7928335867,ot1191600,Indian
PS00360,Gautami,Bahl,Female,1984-09-01,hmani@example.net,05171524588,qT4433622,British
PS00361,Harshil,Mitra,Male,1956-03-19,jeremiah93@example.org,+915322633494,GX7538456,German
PS00362,Madhavi,Soni,Female,2006-02-13,sureshyutika@example.org,9063259390,CR6273711,Japanese
PS00363,Megha,Jhaveri,Female,1987-03-14,januja72@example.net,09747458889,ds5669644,Japanese
PS00364,Timothy,Palla,Male,1974-11-05,vigcharita@example.net,01874552822,lG4911576,Singaporean
PS00365,Tara,Iyer,Female,1958-03-30,bhavani95@example.org,+919160023616,wS9912813,German
PS00366,Garima,Solanki,Female,1994-04-18,vedwin@example.net,+910220672772,LO7839659,Australian
PS00367,Bhavna,Vora,Female,1956-11-11,qbedi@example.com,00559339914,td0911696,UAE
PS00368,Urvi,Batta,Female,1989-01-23,reddydamini@example.com,7081335101,vy5366051,French
PS00369,Ekantika,Warrior,Female,1962-02-14,ayushpandya@example.org,01141592249,bL7899562,UAE
PS00370,Ridhi,Batta,Female,1996-03-23,siddharthsubramaniam@example.net,+916458470005,fd8135766,Canadian
PS00371,Xavier,Kibe,Male,2001-08-26,devansh58@example.org,+910741123484,DD4952669,Australian
PS00372,Falguni,Varma,Female,1979-12-23,abeerparmar@example.com,+914382400596,Ec4455140,UAE
PS00373,Janani,Devi,Female,1999-08-10,baghyawatimalhotra@example.org,5330389761,ZN3442087,German
PS00374,Hemang,Amble,Male,2000-04-27,avisandhu@example.com,+918241108956,Vo0002680,Singaporean
PS00375,Isaac,Sibal,Male,1958-07-12,shenoyjanani@example.net,+918138307105,ew4454643,Canadian
PS00376,Dev,Sarna,Male,1959-05-09,zhans@example.org,2948361505,oI3992739,French
PS00377,Faris,Grewal,Male,1993-05-13,keermanya@example.com,07959178756,zG6820218,British
PS00378,Ethan,Memon,Male,1980-02-03,italwar@example.com,00385579055,Tq2927651,Australian
PS00379,Bhavna,Thakkar,Female,1957-12-26,haritakoshy@example.com,02832892929,KN6329285,Indian
PS00380,Aadi,Bumb,Male,1979-08-26,chaaya74@example.net,03626644407,LT1822036,American
PS00381,Chaaya,Dada,Female,1997-07-29,loyalansh@example.net,00056362826,Vq3065011,American
PS00382,Omaja,Subramaniam,Female,2003-07-25,ombuch@example.com,08448994927,SW5822079,Indian
PS00383,Yoshita,Kapur,Female,2008-02-04,vidhimaharaj@example.com,+910255404338,Ad1628045,British
PS00384,Ethan,Dass,Male,2002-05-18,msane@example.net,1040445490,vw4987667,UAE
PS00385,Ekantika,Kanda,Female,1982-04-25,hmalhotra@example.com,2516808942,oX3109095,Canadian
PS00386,Devika,Natt,Female,2006-08-09,janujasrinivasan@example.com,2352910833,hr6027633,American
PS00387,Sachi,Sood,Female,1957-01-18,libnikannan@example.net,02755608152,uU8144414,Canadian
PS00388,Lucky,Chaudry,Male,2003-04-11,kaurishaan@example.com,5573875551,Ry5486914,Japanese
PS00389,Advay,Rege,Male,1972-10-26,vrindachandran@example.com,+913746467516,Wp1161581,American
PS00390,Viraj,Kothari,Male,1960-08-18,anyabhasin@example.org,+914672056795,jv0860792,German
PS00391,Yashvi,Aggarwal,Female,1982-05-18,thakerpanini@example.org,7443617059,QK1375195,Indian
PS00392,Janani,Jaggi,Female,1964-12-22,hravel@example.org,07577066111,Wj2491770,Australian
PS00393,Daniel,Warrior,Male,1977-02-23,jkrishnan@example.org,08648525110,nt5960485,Canadian
PS00394,Indali,Saraf,Female,1975-06-19,varenyavaidya@example.org,2307316078,lr5316940,British
PS00395,Urvashi,Singh,Female,2000-09-14,krishna49@example.com,03043259538,XW7415841,UAE
PS00396,Pahal,Parekh,Female,1975-07-12,pallavi84@example.org,+913355115320,cT5924138,UAE
PS00397,Harinakshi,Sama,Female,2000-01-27,prishakrish@example.com,6790127991,Aw2870063,UAE
PS00398,Kabir,Char,Male,1998-11-09,ppandit@example.com,+911624069288,Zi0907571,Japanese
PS00399,Tanmayi,Dayal,Female,1961-01-02,bimalakanda@example.net,5456948013,AA6399838,Indian
PS00400,Chakradev,Purohit,Male,1978-11-12,sachi11@example.com,9636554411,tI5895465,American
PS00401,Vamakshi,Madan,Female,1978-11-23,yashodaahuja@example.com,+912184766782,kb0985568,UAE
PS00402,Hritik,Sagar,Male,1997-08-22,mugdha96@example.org,+916040449838,JC0148828,Indian
PS00403,Jagrati,Buch,Female,1985-09-16,varshagill@example.com,5308043317,VL1244617,Australian
PS00404,Udant,De,Male,1994-05-30,ojoshi@example.org,2594001395,dh1402798,French
PS00405,Kabir,Chatterjee,Male,1995-08-24,shivani26@example.org,5314340969,OH0005133,Canadian
PS00406,Deepa,Ray,Female,1986-04-17,qshah@example.org,5789231719,PO7687541,Japanese
PS00407,Omaja,Lal,Female,1992-07-02,daravictor@example.com,+914520996547,si6345093,Singaporean
PS00408,Veda,Khatri,Female,1990-12-03,prishakhosla@example.org,0261761520,hu1803714,Canadian
PS00409,Bimala,Khalsa,Female,1968-05-15,yastikannan@example.com,9696990143,fI4910846,Japanese
PS00410,Alexander,Sibal,Male,1989-10-13,mitali70@example.org,02973736290,zM7060009,British
PS00411,Teerth,Kata,Male,1995-05-19,vmangal@example.org,+917344025456,Rh5874242,Indian
PS00412,Jack,Kapoor,Male,1982-06-28,kandafalak@example.com,1130593887,dX2789238,Japanese
PS00413,Mason,Pandya,Male,1988-11-22,imorar@example.com,06808817630,ZV3267208,German
PS00414,Balvan,Ratti,Male,2000-03-31,qshetty@example.com,02969957723,Ko6301287,Indian
PS00415,Theodore,Balan,Male,1977-03-26,triya31@example.net,3613079291,Bc5805896,French
PS00416,Varenya,Deo,Female,1971-11-23,suriridhi@example.org,7136657554,YR5872162,British
PS00417,Fitan,Kalla,Male,1992-10-01,tripti65@example.org,08134450886,rV6990887,Canadian
PS00418,Keya,Comar,Female,2007-09-07,upkaarmukhopadhyay@example.com,1070635230,It2897937,American
PS00419,Finn,Arora,Male,2004-05-22,rajazayyan@example.org,+914647105637,Io0360727,Singaporean
PS00420,Neel,Prabhu,Male,1970-08-17,choudhuryazad@example.com,+910130751944,Iq7482638,British
PS00421,Rachit,Ratti,Male,1957-08-24,ikshitaboase@example.org,03295728100,PJ7508241,American
PS00422,Bachittar,Prashad,Male,2004-05-13,fghose@example.com,7187883779,Pf7650127,American
PS00423,Chandani,Batta,Female,1999-09-02,ghosefaqid@example.com,09987976467,Hn1202297,Indian
PS00424,Henry,Choudhary,Male,1987-12-11,leela53@example.com,02436471429,jt2865034,Indian
PS00425,Advaith,Vasa,Male,2004-05-30,singhalhema@example.net,04195120189,fd0362599,UAE
PS00426,Ishanvi,Mohanty,Female,1996-02-08,lalvasana@example.net,8319604859,gU0697433,Australian
PS00427,Niharika,Venkataraman,Female,1973-11-13,omutti@example.net,04115363473,hJ5075194,French
PS00428,Arjun,Atwal,Male,1992-01-11,sramachandran@example.com,07703397544,dw4827248,Australian
PS00429,Kiaan,Nazareth,Male,1972-03-31,ybhattacharyya@example.net,02050535965,IJ4128042,Australian
PS00430,Ronith,Ranganathan,Male,2001-01-31,owen48@example.org,7216085177,Nt8364628,Australian
PS00431,Jyoti,Dani,Female,1982-12-14,ramdamyanti@example.com,06747996321,eq9711121,German
PS00432,Anvi,Nayak,Female,2000-07-13,dchhabra@example.net,08967105978,GV5195956,Canadian
PS00433,Utkarsh,Shanker,Male,1960-06-06,ekta37@example.com,02127200763,fR3923855,Indian
PS00434,Ekaraj,Kade,Male,1958-11-15,sameshissac@example.com,02871377296,bb3296802,Japanese
PS00435,Kavya,Kohli,Female,1983-07-16,dkumer@example.net,01959166986,yn7023144,Indian
PS00436,Theodore,Kale,Male,1979-06-30,prashadavi@example.org,+917115029941,BD5303903,German
PS00437,Yachana,Bala,Female,1988-04-25,ranveerpalla@example.com,07533084719,sB3164453,British
PS00438,Ekansh,Bajaj,Male,1958-10-05,noriyug@example.net,+911773159953,jP1197491,Singaporean
PS00439,Ekani,Kaul,Female,1957-12-21,vargheseojas@example.net,3909851233,lh8005742,French
PS00440,Vincent,Sur,Male,1979-02-10,gdoshi@example.org,03476947132,MH0217969,Canadian
PS00441,Wakeeta,Misra,Female,2008-04-18,patrick52@example.com,+916079311875,Ok4805008,Indian
PS00442,Watika,Ganesan,Female,2006-02-11,mahalhritik@example.net,0469045652,HH0128539,British
PS00443,Janani,De,Female,1966-07-07,harshilgoswami@example.org,5180277957,Ei3076699,British
PS00444,Atharv,Bir,Male,1977-03-01,parekhjack@example.org,+914879080445,WB6171328,German
PS00445,Dayita,Trivedi,Female,1975-05-09,ynori@example.net,08300888476,Bv7652812,Indian
PS00446,Yochana,Borde,Female,2006-10-28,neeldani@example.com,04215566114,Cg2054242,UAE
PS00447,Akshay,Kapoor,Male,2006-03-27,bhavika88@example.org,9201126731,CC2350830,Australian
PS00448,Viraj,Mukherjee,Male,2006-01-31,binarout@example.net,+914714432179,iV9958333,American
PS00449,Ijaya,Setty,Female,1988-06-01,brinda75@example.com,6802311080,At5818353,Indian
PS00450,Onveer,Chander,Male,1960-04-26,salvijasmit@example.net,+917607226823,GQ3199186,British
PS00451,Lajita,Bajwa,Female,1957-07-20,jchauhan@example.org,+914271838774,Nv6340150,German
PS00452,Warjas,De,Male,2002-02-10,ndani@example.com,+912980763568,Es2814878,American
PS00453,Suhani,Balan,Female,1988-03-27,chauhansudiksha@example.net,4238740501,tw1326588,Canadian
PS00454,Eta,Menon,Female,2002-01-18,sai36@example.com,+919882041655,dC6810607,Indian
PS00455,Abhimanyu,Sarkar,Male,1998-05-01,mannecaleb@example.org,00301484440,dg3331232,American
PS00456,Matthew,Yadav,Male,1956-10-17,nbiswas@example.com,5955529271,Vs7957865,Japanese
PS00457,Zehaan,Nayar,Male,1974-03-18,baradomkaar@example.org,8669346961,se1401853,British
PS00458,Ishaan,Bhalla,Male,1989-11-16,qarin30@example.net,0545588132,oN5594384,Singaporean
PS00459,Yamini,Sahni,Female,2002-02-18,oviya64@example.org,09891244195,er9306106,American
PS00460,Harrison,Chaudhuri,Male,2008-01-02,enagarajan@example.com,09592916272,uT5025319,Japanese
PS00461,Triya,Singhal,Female,1956-06-02,sudikshahalder@example.com,5831720920,ye5485901,Australian
PS00462,Nilima,Manda,Female,1969-08-20,vsavant@example.net,00715294913,KH8600345,Japanese
PS00463,Ira,Balasubramanian,Female,1969-08-23,battaamol@example.net,6070319280,nZ4307158,Singaporean
PS00464,Manbir,Atwal,Male,1960-04-17,lucky88@example.net,8765202474,Dp0564055,British
PS00465,Vritti,Dhillon,Female,1961-05-06,ukant@example.org,08572793341,PL5806725,Singaporean
PS00466,Parth,Oommen,Male,2007-06-22,babuvedika@example.com,+911107819839,WW6984758,Canadian
PS00467,Mitesh,Raman,Male,1964-12-27,warjaskhare@example.org,+913738233500,FE8741719,Japanese
PS00468,Theodore,Tank,Male,1965-08-21,bkara@example.org,08699019102,uI7756070,Japanese
PS00469,Wishi,Agrawal,Female,1976-06-05,pavanipal@example.org,3335693607,Dx2030376,UAE
PS00470,Vansha,Bera,Female,1965-01-22,chatreshshukla@example.com,+910102331929,SU8954637,Canadian
PS00471,Samesh,Mahal,Male,1966-07-27,zansi68@example.org,07137301780,va6931933,British
PS00472,Hamsini,Dixit,Female,1967-05-06,wakeetadhar@example.net,+919326608439,zP6758806,German
PS00473,Nitesh,Wable,Male,1976-10-14,sarnaadweta@example.org,3602759766,uN5186244,UAE
PS00474,Anita,Rout,Female,2006-10-26,sarthakkorpal@example.net,+913205560985,WR7176527,Canadian
PS00475,Ishani,Balan,Female,2000-09-11,ranveernarayan@example.org,6064484815,jN1257005,American
PS00476,Farhan,Shanker,Male,1977-02-11,qasimganguly@example.org,02674362911,YW4575923,Singaporean
PS00477,Upasna,Sabharwal,Female,1957-09-08,ekarajbhalla@example.com,6019231055,ef4116534,French
PS00478,Nathan,Saha,Male,1988-12-23,tbora@example.com,05164297741,kL7199662,Singaporean
PS00479,Chaitanya,Sachar,Male,1966-04-07,radhawason@example.net,05550019984,GY1203879,Singaporean
PS00480,Garima,Devi,Female,1978-05-03,yagneshchacko@example.net,04507241547,Kj6583156,UAE
PS00481,Sathvik,Oommen,Male,2004-01-23,misraraghav@example.net,8463017526,Ln6587712,Canadian
PS00482,Damini,Sura,Female,1964-10-29,nsengupta@example.net,01499979556,rV7896977,German
PS00483,Tristan,Golla,Male,1991-11-22,shereganga@example.org,+912375912675,aa9385637,Australian
PS00484,Lopa,Pau,Female,1965-01-17,tripathianita@example.com,+918829899481,kt2200180,French
PS00485,Vedika,Patla,Female,1998-10-17,palanati@example.org,8317254318,Li0690291,Australian
PS00486,Bhavna,Sharaf,Female,1995-12-08,fdyal@example.net,09008999575,eo7981446,Japanese
PS00487,Barkha,Parmer,Female,1975-01-18,sai89@example.com,7368091536,Ru0474455,Indian
PS00488,Urvashi,Sahota,Female,1989-11-18,chandran78@example.net,4914331375,kK5434276,Singaporean
PS00489,Tamanna,Gulati,Female,1995-11-21,lohitdixit@example.com,03901336394,Jh7483999,British
PS00490,Suhani,Sama,Female,2003-10-03,zsengupta@example.net,06673459271,GW4332168,Indian
PS00491,Chakradev,Rout,Male,1987-09-04,kashish06@example.com,08822766662,nj6741338,UAE
PS00492,Nathan,Ahluwalia,Male,1962-12-15,pranav17@example.net,+917363430574,oy6266741,French
PS00493,Krish,Wadhwa,Male,1965-02-25,deepa53@example.net,+910740238746,mJ2639866,Indian
PS00494,Abeer,Narasimhan,Male,1995-07-04,tlalla@example.org,3697681471,bc4842509,Indian
PS00495,Dayita,Sawhney,Female,1974-08-06,jairaj56@example.net,0069179152,Wi8471847,American
PS00496,Alka,Peri,Female,1965-04-13,victor75@example.net,3658244549,Qn0491863,Indian
PS00497,Laban,Chopra,Male,1963-07-15,vmittal@example.org,02054067862,SD8703363,Australian
PS00498,Harshil,Raman,Male,1985-04-24,haldermohini@example.com,00172385627,OL9644803,Japanese
PS00499,Nidra,Mukherjee,Female,1959-01-07,basuunnati@example.net,8225603642,Qc6052900,Canadian
PS00500,Maanas,Bose,Male,1958-10-09,kmane@example.net,3734509896,hW7251561,British
PS00501,Mugdha,Koshy,Female,1972-09-07,vyanjanaraju@example.com,1440708305,ya7049535,British
PS00502,Theodore,Swaminathan,Male,2006-10-24,uhalder@example.org,2924899468,bT4857973,Singaporean
PS00503,Hemangini,Bhattacharyya,Female,1965-07-22,bhanumatilanka@example.com,6074744384,QV9689256,UAE
PS00504,Nidra,Garde,Female,2007-07-31,esampath@example.org,+915290953298,xt2785997,Canadian
PS00505,Yashasvi,Hora,Female,1970-09-30,gautamichoudhary@example.org,2733521739,Om2611490,British
PS00506,Meera,Rastogi,Female,1997-07-31,lilabasu@example.org,+919269011598,cZ7212517,French
PS00507,Ati,Bains,Female,1995-12-27,oshakhanna@example.net,03049849317,oo5929087,French
PS00508,Raagini,Rastogi,Female,1985-10-03,nakshshan@example.net,05676122081,hk0741060,Japanese
PS00509,Timothy,Choudhary,Male,1999-03-23,rehaan77@example.net,+910759254078,NQ2876829,Australian
PS00510,Shaurya,Gaba,Male,1963-09-03,sara59@example.org,8748941520,at3282866,Singaporean
PS00511,Balvan,Gade,Male,1987-01-07,darikajayaraman@example.net,0569605916,zd8336331,French
PS00512,Isha,Patla,Female,1957-10-11,badalfalguni@example.net,6891917164,zx6197387,German
PS00513,Aishani,Sahni,Female,1959-05-10,dchhabra@example.com,+911505925767,JT2150166,Indian
PS00514,Alka,Cheema,Female,1990-09-19,parsaqasim@example.net,8878165028,MN8494406,American
PS00515,Idika,Khatri,Female,1960-02-26,ekanidube@example.net,1515142744,hR1801533,Indian
PS00516,Aadi,Ravel,Male,1957-04-25,xsarraf@example.com,5220613320,FR8741715,Singaporean
PS00517,Ijaya,Chaudhari,Female,1975-08-26,rajancaleb@example.com,0730262826,uC7656313,American
PS00518,Dalaja,Natarajan,Female,1964-05-06,pallavi97@example.net,5580054607,xh9615799,American
PS00519,Naksh,Sawhney,Male,1995-01-20,tristan17@example.com,06785174976,pX7881717,Singaporean
PS00520,Sathvik,Mitter,Male,1957-01-08,adayal@example.org,+912037882923,Aa8785691,French
PS00521,Nikita,Mitra,Female,1984-07-01,warhigoel@example.net,01377033682,GT5704553,UAE
PS00522,Veda,Rana,Female,1963-07-05,cgarg@example.org,+918092918634,qC6201387,British
PS00523,Benjamin,Rai,Male,2002-12-21,karan45@example.com,02890820946,Vb3325656,UAE
PS00524,Sanaya,Dubey,Female,1996-11-25,priyasoni@example.com,+915937297797,eq9659395,German
PS00525,William,Devan,Male,1966-03-08,laban83@example.net,3869452098,mo3418238,British
PS00526,Gaurika,Tiwari,Female,1977-11-13,oeshi06@example.org,05859656003,bS5878788,Singaporean
PS00527,Daniel,Pandey,Male,1970-11-17,bramakrishnan@example.org,0839929650,cc5901723,British
PS00528,Charles,Ravel,Male,1959-11-12,xmittal@example.net,+914996353701,RQ1611452,Japanese
PS00529,Edhitha,Mitra,Female,1958-06-16,chopraharini@example.com,+919610595214,iL1419805,French
PS00530,Ikbal,Magar,Male,1961-06-11,wishi36@example.com,+912429273256,mr8083218,Indian
PS00531,Nidhi,Char,Female,2005-03-13,maanav17@example.org,8024145391,Eb7719822,French
PS00532,Yashoda,Ramesh,Female,1968-09-22,hkhosla@example.net,00981116045,do1109165,French
PS00533,Matthew,Bahl,Male,1960-05-16,butalajeevika@example.org,03163433850,DV3905055,Singaporean
PS00534,Ubika,Vora,Female,1975-11-02,aradhana20@example.org,05456178971,Dy8191530,Japanese
PS00535,Upadhriti,Pandey,Female,1966-05-07,tpandit@example.net,6843046550,OA7234737,Canadian
PS00536,Ayaan,Lall,Male,1985-09-30,noahbhasin@example.net,03760850092,vF8795823,French
PS00537,Ekani,Bhavsar,Female,1965-04-24,rohan14@example.org,09832105931,hp3454730,Canadian
PS00538,Tanmayi,Pau,Female,1959-10-08,anthony42@example.net,0856525610,et1771160,Indian
PS00539,Dhriti,Basak,Female,1968-08-15,gsanghvi@example.org,+910707105804,cu0444617,French
PS00540,Nikita,Shroff,Female,1966-09-25,aashi50@example.net,03412049131,qt7296901,German
PS00541,Omisha,Apte,Female,2003-08-19,zpalan@example.net,09453005068,WM4800621,Indian
PS00542,Girish,Madan,Male,1983-09-23,daksheshnarayan@example.net,8179829255,Av0426863,UAE
PS00543,Simon,Patil,Male,1963-04-11,triyasavant@example.net,2627747407,vJ1166961,American
PS00544,Jacob,Bhavsar,Male,1965-01-16,useth@example.net,07391883323,QI3499123,Canadian
PS00545,Vinaya,Narain,Female,1978-09-12,dakshratta@example.net,3279829173,ad1346847,Japanese
PS00546,Abhiram,Vig,Male,2007-07-10,ronith55@example.org,+914736439436,Sh8610667,American
PS00547,Atharv,Kota,Male,1977-09-17,nitarasur@example.net,+914472000863,hj5964191,Singaporean
PS00548,Arjun,More,Male,1994-06-19,charitachar@example.org,06565888545,Vv5753649,UAE
PS00549,Madhav,Chaudhry,Male,1986-11-11,bgoel@example.com,+914590489197,wW0410225,Canadian
PS00550,Sanya,Sood,Female,2000-02-06,jack81@example.net,2076206454,VW1868654,Indian
PS00551,Jagrati,Prabhu,Female,1979-03-24,krishnaindira@example.org,+917504625730,ts5896034,French
PS00552,Ekiya,Anne,Female,1999-06-28,hvarghese@example.com,7461080052,jk2167518,Japanese
PS00553,Dipta,Srinivasan,Female,1999-10-02,iiyengar@example.org,00555140366,vp6267817,French
PS00554,Jai,Raval,Male,2003-09-01,buchelijah@example.org,2150565298,qz1979511,Canadian
PS00555,Hredhaan,Doctor,Male,1987-01-04,qadimmenon@example.net,02275601167,iS4729370,German
PS00556,Wishi,Mistry,Female,1983-03-01,vanshabhardwaj@example.com,+916708415733,fy1268040,German
PS00557,Dalaja,Bhavsar,Female,1957-08-03,urishilla22@example.com,9613378201,BC9395135,Canadian
PS00558,Irya,Samra,Female,1999-10-03,dbhatia@example.com,+912786066085,KF4603177,Canadian
PS00559,Karan,Comar,Male,1999-03-22,mvenkatesh@example.com,4225457670,Na0594067,Indian
PS00560,Arya,Tank,Female,1958-05-05,bhattacharyyazarna@example.org,6022029263,yf8715257,Japanese
PS00561,Teerth,Gola,Male,2003-04-29,nayakyashvi@example.org,+910749796343,Bl6135125,Canadian
PS00562,Meera,Bajaj,Female,1957-12-16,hnarang@example.org,09395059647,Jj3098484,Singaporean
PS00563,Oscar,Sodhi,Male,1980-05-18,hariekanta@example.net,+914456097827,UO6599288,German
PS00564,Advay,Saraf,Male,2000-09-06,ladlihora@example.net,09688844025,Br6323767,Australian
PS00565,Eta,Panchal,Female,1997-07-19,grewalojasvi@example.com,8530856918,AE0964983,Australian
PS00566,Nachiket,Upadhyay,Male,1957-09-06,lakshitthaker@example.com,05646994908,sP2464298,German
PS00567,Benjamin,Rajan,Male,2006-12-23,udarshmutti@example.org,2717381696,Em9675273,French
PS00568,Lila,Babu,Female,2006-12-17,sneha20@example.net,4903728300,ow9292246,British
PS00569,Rudra,Kanda,Male,1982-03-07,alka25@example.com,03173796371,bq8969210,American
PS00570,Warjas,Chaudhari,Male,1988-04-22,asagar@example.net,+918249891410,WY9121546,Indian
PS00571,Januja,Choudhry,Female,1959-10-23,minhasjyoti@example.org,8263428899,bu3303882,German
PS00572,Upma,Pandya,Female,2002-09-05,jananimadan@example.org,+918081308068,GZ1313437,UAE
PS00573,Abdul,Sarma,Male,1972-06-04,bbehl@example.com,09928224040,zo3166954,Indian
PS00574,Warjas,Nadkarni,Male,1984-04-16,gardeaarav@example.org,07013419968,tA6768011,Japanese
PS00575,David,Halder,Male,1969-11-21,trivediaryan@example.net,+911383045105,ai9850592,German
PS00576,Samarth,Parsa,Male,2002-10-08,amruta03@example.net,04291319429,KN8739695,Indian
PS00577,Odika,Saini,Female,1981-01-13,hema85@example.org,+919226637029,hf7287512,Singaporean
PS00578,Qabil,Jain,Male,2000-03-11,ranveer03@example.net,+911163010295,FC7318048,Indian
PS00579,Viraj,Ranganathan,Male,1978-06-24,adviklad@example.com,9641960687,RQ5971120,UAE
PS00580,Chanakya,Krishna,Male,2006-08-03,dinpavani@example.com,09076352190,UV2890684,Canadian
PS00581,Pushti,Dugal,Female,2008-03-28,hnair@example.com,09304573972,Dt8122034,Singaporean
PS00582,Aditya,Dewan,Male,2002-03-04,anamika67@example.com,6096403036,ey0730123,Indian
PS00583,Simon,Wali,Male,1959-05-29,zachariavasudha@example.net,00913212803,DI0549335,French
PS00584,Warjas,Zachariah,Male,1986-10-22,falakkamdar@example.com,02835275034,wg6700679,Singaporean
PS00585,Christopher,Bedi,Male,1981-12-16,zayan31@example.org,06751422230,dx9391860,UAE
PS00586,Christopher,Toor,Male,1961-10-16,ekantika35@example.net,+910957827806,qr0923230,Canadian
PS00587,Matthew,Deol,Male,1957-02-17,uoza@example.org,03144471841,hl5739085,Canadian
PS00588,Chanakya,Sandhu,Male,1968-12-19,gchaudhuri@example.com,9869745284,hH3781254,Japanese
PS00589,Kiaan,Dayal,Male,2007-05-02,chanchaldasgupta@example.com,0535774552,YA8235276,Indian
PS00590,Lipika,Virk,Female,1992-11-27,bhasinbhavna@example.com,9209974935,vH8672267,American
PS00591,Upkaar,Ahuja,Male,1996-02-20,adhaliwal@example.org,00980478036,lJ6388975,French
PS00592,Nicholas,Rattan,Male,1976-11-16,imarankar@example.net,00786816664,aa4896519,Australian
PS00593,Ekalinga,Sarin,Male,1955-08-15,rajeshri59@example.org,9306483919,kR1865715,Canadian
PS00594,Shivansh,Mitter,Male,1964-07-10,farhan81@example.net,+918230158288,Pw2337665,Canadian
PS00595,Jai,Dua,Male,2006-03-27,zilmil52@example.net,04366430582,uD9497579,Australian
PS00596,William,Amble,Male,1990-08-26,harishshetty@example.net,07480940497,dW5904581,Japanese
PS00597,Fiyaz,Sengupta,Male,2006-04-24,upadhriti38@example.net,6988802481,wx2781765,Australian
PS00598,Warjas,Taneja,Male,1957-07-15,speri@example.org,5679162299,Ep0637864,American
PS00599,Saumya,Bajwa,Female,1984-11-26,wriddhish39@example.com,3250691941,fZ8405045,Canadian
PS00600,Gagan,Sridhar,Male,1993-09-15,chawlapahal@example.net,+915618484937,gn6441828,British
PS00601,Rayaan,Sachdeva,Male,1980-01-14,laban08@example.org,+914787737992,Pp9077725,British
PS00602,Jasmit,Mane,Female,1983-10-08,janyasankaran@example.net,02305063487,GS6483540,American
PS00603,Maanav,Nayar,Male,1976-02-07,rajujagat@example.org,+911496895683,wH2388346,Japanese
PS00604,Manthan,Prashad,Male,1961-07-04,buchbishakha@example.net,06580380734,lC1342698,German
PS00605,Daksh,Chakraborty,Male,1972-01-25,dugarbalendra@example.org,05528558425,Tw5444800,Canadian
PS00606,Gavin,Bhandari,Male,2002-07-09,fdani@example.com,0211674905,Hh5895599,Singaporean
PS00607,Balhaar,Das,Male,2007-01-27,madhavimani@example.com,+914260073546,gN6201000,Singaporean
PS00608,Lohit,Lad,Male,1966-11-10,atharv62@example.org,07863218805,ei3004817,UAE
PS00609,Sai,Gala,Male,1982-02-09,okaur@example.org,4890378706,GE7408184,Canadian
PS00610,Agastya,Sunder,Male,1992-04-11,hsheth@example.com,+913278007859,Wa1833537,Indian
PS00611,Tejas,Bail,Male,1958-10-28,ayush89@example.com,+918819206072,yM2325813,UAE
PS00612,Ekta,Anand,Female,1965-11-14,balayanthony@example.net,+911202196274,YV3205084,Australian
PS00613,Jalsa,Gaba,Female,1987-05-26,gkalla@example.org,6092856533,nC6575883,Australian
PS00614,Chameli,Luthra,Female,1970-06-30,chadaonkar@example.org,03691988928,jB7879780,UAE
PS00615,Rajata,Natt,Female,1989-07-14,laddaniel@example.net,7853980827,bu5834882,Indian
PS00616,Patrick,Karpe,Male,1962-07-08,madhav94@example.net,08699788531,sN6769715,German
PS00617,Andrew,Edwin,Male,1992-10-11,wborra@example.net,06744052171,Wd5143160,UAE
PS00618,Manbir,Kala,Male,1990-11-02,wazir77@example.org,05778225093,dd7493612,Singaporean
PS00619,Qarin,Rau,Male,1960-04-01,zmaharaj@example.com,9945329371,Ek3457993,Australian
PS00620,Nandini,Sem,Female,1984-09-27,quincy28@example.net,8707818545,MC3864941,German
PS00621,Udarsh,Bhalla,Male,1991-09-13,aanand@example.net,7764269172,Xg7539242,Singaporean
PS00622,Xalak,Gopal,Female,1975-09-25,joshinikita@example.net,7695486619,Ca9546663,Singaporean
PS00623,Chandani,Toor,Female,1982-01-27,kartejas@example.net,02542838992,PM8695252,Canadian
PS00624,Varsha,Dhaliwal,Female,1956-10-11,wprabhakar@example.net,1260384433,sC0079595,Canadian
PS00625,Zayyan,Singh,Male,1976-02-16,tripathiupma@example.net,06312854889,bI2653105,Australian
PS00626,Theodore,Solanki,Male,1991-09-02,majumdarrehaan@example.org,9515988954,Ks3034469,Indian
PS00627,Chaitanya,Sabharwal,Male,1980-08-03,fsagar@example.net,09081257548,hi2525527,German
PS00628,Vansha,Bir,Female,2007-10-08,devrajagopal@example.com,06148092935,tC7551793,Indian
PS00629,Indrajit,Murty,Male,1976-01-09,dakshjhaveri@example.com,4937836840,SR2062120,Canadian
PS00630,Shivani,Gala,Female,1955-08-15,iraval@example.net,+919874621854,LM3770429,Indian
PS00631,Vritti,Andra,Female,1989-10-26,praneelpurohit@example.net,1293262935,mf3668008,Japanese
PS00632,Maanav,Mitra,Male,1967-01-09,vorachandresh@example.net,+912415594613,UV8964453,Indian
PS00633,Odika,Bhatnagar,Female,1971-02-18,masterjhalak@example.net,06152012677,Eu6702261,American
PS00634,Ryan,Trivedi,Male,1996-07-01,akannan@example.org,03729035045,Ht7520919,Canadian
PS00635,Hitesh,Oza,Male,1991-08-10,fnatarajan@example.com,06461320531,yu5091378,Indian
PS00636,Balhaar,Loke,Male,1989-11-23,jairaj03@example.com,3639159378,dx2772036,Singaporean
PS00637,Nirja,Sharaf,Female,1976-01-20,liam84@example.com,4334217705,Ha5819088,Indian
PS00638,Udarsh,Ramanathan,Male,1981-02-25,saksham13@example.net,04744379029,nf3424840,Canadian
PS00639,Max,Nayak,Male,2002-03-12,ektasane@example.com,+915494327200,Bn5386783,Indian
PS00640,Riya,Prakash,Female,1975-01-31,urau@example.org,+919035813226,kS9903721,Australian
PS00641,Patrick,Misra,Male,1957-02-26,fkhanna@example.net,5155712915,Yg6178376,UAE
PS00642,Chandran,Chhabra,Male,1990-09-14,gillbrinda@example.org,04765792972,IV3660710,French
PS00643,Samuel,Magar,Male,1965-03-29,anmol83@example.net,9914959181,KP1319201,French
PS00644,Vedika,Ratta,Female,1965-11-08,samuel21@example.net,+913287794994,uF5076001,UAE
PS00645,Gaurang,Salvi,Male,1981-11-29,deshmukhdiya@example.org,6121519491,cO9221049,UAE
PS00646,Unni,Rao,Female,2005-09-12,kashvikulkarni@example.com,+914073560889,du5350748,British
PS00647,Quincy,Tripathi,Male,2007-05-14,esama@example.net,9875980355,ro5123671,German
PS00648,Forum,Banerjee,Female,1972-12-29,salvilavanya@example.com,+919841859101,tw2382717,German
PS00649,Chaaya,Joshi,Female,1967-08-01,ubanik@example.net,03842731213,Ho1400754,Canadian
PS00650,Ganga,Prasad,Female,1977-04-08,onveer27@example.org,06243529471,ML6810514,Canadian
PS00651,Indali,Basak,Female,1987-04-24,iradhakrishnan@example.org,06411198082,vh3705910,Indian
PS00652,Neha,Gade,Female,1982-06-14,zbasu@example.org,7359204351,xI5917279,French
PS00653,Nikita,Tailor,Female,1958-05-28,qasim06@example.com,5856469124,QE0395976,German
PS00654,Jatin,Murthy,Male,1997-02-11,tsekhon@example.org,0258055266,kG1891053,Indian
PS00655,Priya,Mahal,Female,1966-11-12,yagate@example.net,8426820341,ml1352979,Australian
PS00656,Meera,Agrawal,Female,1985-05-23,lavanyamammen@example.org,6588064748,kj5396322,French
PS00657,Wahab,Modi,Male,1999-02-20,nakulcomar@example.net,+918294565679,Qe2477640,UAE
PS00658,Chaaya,Chacko,Female,1957-02-16,maanas89@example.com,04710513795,ec2402597,French
PS00659,Madhavi,Nagy,Female,1984-04-24,msen@example.net,6441655170,SR7376059,American
PS00660,Aarnav,Singhal,Male,1975-02-20,sonisiya@example.org,5462481567,PH0694066,British
PS00661,Jonathan,Tata,Male,1968-02-13,sai87@example.net,+913034859562,TR2352475,Singaporean
PS00662,Jai,Hegde,Male,1975-06-22,khuranayug@example.org,06140579439,Og2099303,American
PS00663,Forum,Parmer,Female,1998-09-06,frederick72@example.com,07339707816,Le2509309,Singaporean
PS00664,Yagnesh,Kumar,Male,1962-09-07,tristanmane@example.net,01986135811,cU6586349,Indian
PS00665,Ranbir,Baral,Male,1979-10-18,ddasgupta@example.org,1952741444,Ky2174352,Australian
PS00666,Umang,Kaur,Male,1997-12-06,wvarma@example.net,8856897059,tV4878952,British
PS00667,Tanish,Raj,Male,2008-01-13,yauvani87@example.net,8844048092,Bq5242113,Australian
PS00668,Gayathri,Tiwari,Female,2005-11-02,sai12@example.org,1645270463,vB1261182,Australian
PS00669,Upma,Sagar,Female,1965-08-03,lalcharan@example.net,00625612547,EI1180205,Singaporean
PS00670,Shravya,More,Female,1976-05-17,pairidhi@example.com,5240886146,Zj2064579,Canadian
PS00671,Rajeshri,Sura,Female,1957-12-12,sbasu@example.com,1057747555,wu9402122,German
PS00672,Sathvik,Ravi,Male,1966-08-29,garima72@example.net,08412189635,SQ2819957,Japanese
PS00673,Ekalinga,Khosla,Male,1999-09-07,shivanshkumar@example.net,0880102586,RZ6461583,French
PS00674,Irya,Mand,Female,1985-05-28,falanchhabra@example.org,+914112902127,Sy2648233,Japanese
PS00675,Abhimanyu,Manne,Male,1987-09-26,masteryashawini@example.org,+914111668448,Sp7453179,Australian
PS00676,Leena,Lala,Female,1971-08-14,lkalla@example.com,00298631213,KA6148002,American
PS00677,Daksh,Patla,Male,1962-06-21,gardepeter@example.com,06620342091,mV6832547,Japanese
PS00678,Balvan,Gole,Male,1999-01-27,jacksule@example.com,3804740331,Rm6203834,UAE
PS00679,Ishita,Mohan,Female,1961-06-18,kundaabha@example.com,5785011524,Ba4895241,Australian
PS00680,Darsh,Nayar,Male,1960-04-07,talwarpraneel@example.org,+918095892797,Hn9556298,British
PS00681,Hema,Jani,Female,2007-06-12,sachi44@example.com,+910270517216,XB2493080,Canadian
PS00682,Warda,Deo,Female,1967-04-07,iagrawal@example.net,3380387293,iT7895929,American
PS00683,Isaac,Dutta,Male,1989-04-11,cpai@example.org,+914086576303,ny7201476,French
PS00684,Aryan,Issac,Male,1979-02-03,hemal45@example.com,+913963121228,dJ2932044,Australian
PS00685,Damini,Misra,Female,1976-05-12,sgoda@example.net,04993078138,BQ2384868,Indian
PS00686,Simon,Mukhopadhyay,Male,1975-08-21,ijaya34@example.org,1906370052,pi6643973,German
PS00687,Rishi,Agrawal,Male,2006-11-17,samesh70@example.com,+914056340493,cO2620413,British
PS00688,Chakradhar,Dewan,Male,2007-06-24,ubikayohannan@example.net,09409048630,vS1098584,Canadian
PS00689,Siya,Morar,Female,1971-10-13,indali34@example.net,04875893297,dB3019072,Australian
PS00690,Urmi,Muni,Female,2004-12-16,nathaniellad@example.net,01419598165,sk0445761,Australian
PS00691,Samesh,Palan,Male,1977-05-02,avni63@example.org,7507406064,zx3739475,Canadian
PS00692,Daksh,Sachdeva,Male,2002-01-13,kakarjack@example.org,+911555996716,QH8965205,French
PS00693,Ryan,Bose,Male,1957-01-05,nayakbakhshi@example.net,+914640599317,tr2864467,Japanese
PS00694,Utkarsh,Walia,Male,1969-01-30,cdey@example.org,0719438242,cd0858591,American
PS00695,Darpan,Bora,Male,1987-11-08,misrajagrati@example.net,+910640270866,TC2327194,German
PS00696,Lakshmi,Buch,Female,1987-12-08,zachariahadvaith@example.net,05181810132,EQ7391631,UAE
PS00697,Kamya,Madan,Female,1982-12-20,sprabhu@example.com,+917395085320,xT1398916,Australian
PS00698,Bhavya,Lall,Female,1994-01-13,champakbutala@example.net,+911176253413,LL7774549,Canadian
PS00699,Vasana,Thakur,Female,1989-11-13,rrama@example.net,04083494125,kV2575828,Australian
PS00700,Warinder,Keer,Male,1966-11-08,ydesai@example.com,06396161538,Kf4804850,American
PS00701,Udarsh,Sarma,Male,1956-06-21,maxtripathi@example.net,+910700734049,Nw2225737,Indian
PS00702,Harish,Sahni,Male,2003-08-16,mandcharles@example.com,+917459091960,Lk4489166,Canadian
PS00703,Saumya,Agarwal,Female,1955-10-17,wallaayush@example.net,2553414431,Ex3803608,French
PS00704,Gaurang,Narayanan,Male,1999-04-20,mandayatan@example.com,0785985016,Mr0720530,Indian
PS00705,Krishna,Narasimhan,Male,1958-04-25,srivastavawarjas@example.com,+914462993449,AF9776815,German
PS00706,Vivaan,Wable,Male,1998-03-26,aggarwalaashi@example.net,+915005960530,aQ0803982,French
PS00707,Hemal,Keer,Female,1994-02-25,hemal45@example.net,+911956795011,Oy3065649,UAE
PS00708,Ishaan,Kibe,Male,1978-11-18,falguni77@example.org,+918496437663,mb7046482,Canadian
PS00709,Chaaya,Bath,Female,1993-03-18,jacob29@example.org,06055976025,kQ9870682,British
PS00710,Gauri,Grover,Female,1995-09-14,abhirambhavsar@example.org,+911861703576,ml4585199,Canadian
PS00711,Harish,Kalla,Male,2002-05-24,falguniranganathan@example.org,2612751308,fu9385006,Japanese
PS00712,Benjamin,Khanna,Male,1979-11-17,bkar@example.com,+916751535632,df2421795,Australian
PS00713,Zarna,Sandal,Female,1971-01-20,upadhriti20@example.net,3289441370,YN1590312,American
PS00714,Aarush,Bobal,Male,1972-06-08,amitra@example.com,1564143862,XD6954439,Japanese
PS00715,Ekiya,Saini,Female,1981-02-26,ikbalyadav@example.com,08353955137,AP0554814,Indian
PS00716,Keya,Shetty,Female,2001-03-12,zashilmanda@example.net,4422700878,bU8801247,Singaporean
PS00717,Yamini,Swaminathan,Female,2006-05-20,chasmum71@example.com,+915611221941,XB1443459,American
PS00718,Nidhi,Vaidya,Female,1998-03-13,chameli99@example.org,+916613799039,Cz5303670,Australian
PS00719,Tamanna,Dubey,Female,2004-11-06,misramason@example.org,09178640500,aT8921042,Singaporean
PS00720,Hema,Cheema,Female,1962-09-01,fariq81@example.org,+912222326564,PJ7787154,UAE
PS00721,Deepa,Chokshi,Female,1983-10-10,khatridarsh@example.net,2545988228,hu7461588,Australian
PS00722,Arunima,Chhabra,Female,1962-09-15,salvitriveni@example.org,06469476636,Hg5809193,Australian
PS00723,Jatin,Gola,Male,1990-07-26,chatura48@example.net,1240948740,Xe3073932,French
PS00724,Utkarsh,Sangha,Male,1976-06-07,avi03@example.net,02956486249,tE5635152,German
PS00725,Jagat,Raman,Male,1966-07-01,paninithaman@example.com,02812967265,yx6785426,Indian
PS00726,Vedika,Goyal,Female,1969-03-17,trivedichanchal@example.com,+913660089871,JD2335816,Canadian
PS00727,Pooja,Pal,Female,1987-12-26,atharv02@example.com,+917140905347,Kt4246976,UAE
PS00728,Dalaja,Yadav,Female,2001-05-11,vtank@example.net,8229022371,aW7654856,Singaporean
PS00729,Vidhi,Reddy,Female,1986-10-13,sathvik98@example.org,+911356585352,zT4221995,Singaporean
PS00730,Ladli,Ram,Female,2004-03-06,tara67@example.org,00407365731,xK9951310,French
PS00731,Chakradhar,Raman,Male,1969-10-20,paninisrinivas@example.net,1857559557,zZ6932104,Singaporean
PS00732,Owen,Khatri,Male,1972-05-06,oscarsrivastava@example.com,+912320363904,Ec5675202,Singaporean
PS00733,Yuvraj,Kothari,Male,1985-08-17,darpandass@example.net,7804607585,ZQ7774672,German
PS00734,Veer,Boase,Male,1989-02-18,ojasdhingra@example.net,0851173211,xC7890822,Indian
PS00735,Omya,Thakkar,Female,1996-01-05,nathanmohan@example.org,9258411775,hH1043605,Canadian
PS00736,David,Mall,Male,1970-07-02,garima51@example.net,06307460427,sp1111287,Singaporean
PS00737,Lopa,Thaker,Female,2000-10-01,pahalkaran@example.com,8935315657,Ks6841909,French
PS00738,Pratyush,Pall,Male,1957-08-17,omorar@example.net,1415815803,od0458177,Japanese
PS00739,Kai,Sule,Male,1977-10-04,gautamirattan@example.org,9190283989,xF4769876,British
PS00740,Nitara,Ganesan,Female,1961-11-15,nikita99@example.org,0752680643,rt0768051,French
PS00741,Nitara,Kunda,Female,1984-02-05,pminhas@example.com,00443693061,qD2787751,American
PS00742,Rishi,Bath,Male,1976-07-17,ntella@example.org,01528549541,gj7138160,Singaporean
PS00743,Ijaya,Bhardwaj,Female,1998-12-27,harrison56@example.net,9123239777,ca6371424,American
PS00744,Anjali,Hayre,Female,2005-10-31,abhimanyu61@example.net,+911442364235,MH9087691,German
PS00745,Ikshita,Soni,Female,1967-06-02,fwason@example.org,+916186409698,dX8980351,French
PS00746,Lakshmi,Munshi,Female,1960-08-18,netra34@example.org,+912265376159,KL9718718,American
PS00747,Darsh,Soman,Male,1998-11-30,pmore@example.org,8502737593,xl7445171,Japanese
PS00748,Krishna,Baral,Female,2004-06-15,ksamra@example.net,+910826907144,tk8185315,UAE
PS00749,Sudiksha,Buch,Female,2001-12-12,hdani@example.org,05238807766,hR1991835,Indian
PS00750,Jack,Dani,Male,1991-09-28,prisharandhawa@example.org,+918302782304,NN2013895,UAE
PS00751,Gavin,Sankar,Male,1986-12-07,purijyoti@example.org,+918788951882,wi9658724,Japanese
PS00752,Atharv,Upadhyay,Male,1985-12-19,kmannan@example.net,+910013995262,Xi7436650,Australian
PS00753,Dalbir,Patla,Male,1982-12-12,gabriel61@example.net,+914245352661,JD5035967,French
PS00754,Ekiya,Raval,Female,1990-02-13,lokebakhshi@example.org,+919317940000,HT9260031,British
PS00755,Aradhana,Chopra,Female,1978-09-29,dhruvwason@example.net,0702805665,Sx2278539,UAE
PS00756,Manan,Datta,Male,1996-10-27,fariq11@example.org,+912838462879,co5023115,German
PS00757,Deepa,Butala,Female,1994-03-05,yashodacherian@example.net,7934469802,jW3395941,Japanese
PS00758,Oliver,Chandra,Male,1970-11-22,harshil40@example.org,1592978054,cm9268468,Australian
PS00759,Yasti,Dugal,Female,2001-04-02,enayar@example.com,6856773507,Mz9809127,Australian
PS00760,Falak,Jha,Female,2001-12-08,urmi52@example.org,01123946483,aH4857838,French
PS00761,Shaurya,Mukherjee,Male,1956-07-24,azaanrout@example.com,09771163744,NC0443527,Japanese
PS00762,Gauri,Butala,Female,1955-12-16,narayanandev@example.net,+919093247571,jR1305345,Japanese
PS00763,Veda,Korpal,Female,1970-07-14,omsundaram@example.org,+918848409849,kO5572328,British
PS00764,Chaitaly,Grewal,Female,1998-09-16,gaurika76@example.net,0105318627,Mh7472376,French
PS00765,Yatin,Tiwari,Male,1980-12-27,zdave@example.net,+914131704420,Dj5227019,UAE
PS00766,Ganga,Mangat,Female,1957-12-31,saxenaanita@example.org,+919335938510,xP6520719,British
PS00767,Warinder,Walia,Male,1996-03-07,vivaan60@example.net,+914319936116,hq3756949,American
PS00768,Januja,Upadhyay,Female,1980-10-07,chakradhar87@example.net,1930080332,Eg3074203,UAE
PS00769,Bhavini,Vig,Female,1965-04-11,jeremiah38@example.com,9879322687,ku2802746,American
PS00770,Samuel,Bawa,Male,2003-11-28,brijeshsehgal@example.com,+915466914980,bq9359621,Singaporean
PS00771,Max,Tara,Male,1976-04-24,psagar@example.com,7891276110,LQ5936934,French
PS00772,Ekavir,Swamy,Male,1985-08-07,onatarajan@example.org,7456180552,EH9039897,American
PS00773,Ojas,Prashad,Male,1983-02-18,naksh73@example.org,00983796389,ZH8506373,Canadian
PS00774,Widisha,Sridhar,Female,1966-09-23,chaturabutala@example.com,7345913793,Kn6189552,German
PS00775,Ira,Parekh,Female,1996-06-14,theodore49@example.com,+915372915005,lG0166395,British
PS00776,Bishakha,Solanki,Female,1962-11-23,rattawarda@example.org,02550188099,vR3723136,French
PS00777,Nathaniel,Subramaniam,Male,1979-02-24,ydeep@example.com,02796800556,Ix5002468,Australian
PS00778,Naveen,Thaman,Male,2002-10-27,tshere@example.net,1355302691,DS1540000,Indian
PS00779,Ayush,Cheema,Male,1979-10-23,jairaj40@example.org,+914036859028,XW0425504,Singaporean
PS00780,Zansi,Kala,Female,2006-08-20,radhika89@example.com,06595623980,uY7657129,Indian
PS00781,Hema,Balay,Female,1997-10-18,dakshoza@example.org,06878715899,Ay2079223,Singaporean
PS00782,Inaya,Kadakia,Female,1970-03-29,mahluwalia@example.net,03737070927,WB0125156,American
PS00783,Wishi,Rege,Female,2002-05-13,kumerekbal@example.com,1338233784,ID9979234,French
PS00784,Maanas,Dar,Male,1958-12-25,nikita42@example.net,1399830695,lk9454088,Canadian
PS00785,Nitesh,Borde,Male,1969-05-14,hmadan@example.com,01561673563,HC4689896,UAE
PS00786,Banjeet,Naik,Male,1996-07-11,nicholas13@example.com,+916826498681,KY0954486,German
PS00787,Nilima,Handa,Female,1976-02-22,liam34@example.org,4740287680,mm3559554,French
PS00788,Veda,Bassi,Female,1978-06-29,bajajchasmum@example.net,+919284008349,Qe9515565,Canadian
PS00789,Yashasvi,Saini,Female,1990-06-06,meghanacomar@example.org,+918051476925,km4795093,Indian
PS00790,Girish,Parikh,Male,1965-01-28,advika85@example.org,01147636567,KS2601681,UAE
PS00791,Garima,Wagle,Female,2007-01-28,ektadesai@example.net,09820185507,fG2659220,American
PS00792,Laksh,Kakar,Male,1964-02-11,dsani@example.com,02325253898,Pk0167719,French
PS00793,Lekha,Gola,Female,1972-02-19,emand@example.net,04871796934,xX8440105,Japanese
PS00794,Avi,Ray,Male,2000-06-13,nidhitara@example.com,+915877265195,wq3437714,Indian
PS00795,Arjun,Nadig,Male,2007-03-30,stalwar@example.org,07542655935,su8809468,Australian
PS00796,Michael,Saran,Male,2004-12-05,akshay52@example.org,9424934527,Rm7036957,British
PS00797,Osha,Parekh,Female,1961-05-17,isaiahshetty@example.net,3448163884,Pj6429641,British
PS00798,Rehaan,Shah,Male,2006-10-11,rameshjanani@example.com,01101196933,Fw2958795,Singaporean
PS00799,Caleb,Mandal,Male,1996-02-08,sundertheodore@example.net,08177482778,PM8931754,UAE
PS00800,Mekhala,Venkataraman,Female,2003-08-11,netrabatta@example.net,03325679095,dr6571821,Japanese
PS00801,Dhruv,Edwin,Male,1968-08-19,hegdezayyan@example.com,+910328703661,fj6451583,UAE
PS00802,Lavanya,Dixit,Female,1957-08-05,ntalwar@example.com,6891116662,Rt6613337,British
PS00803,Anusha,Vaidya,Female,1960-05-16,kmangal@example.com,+919514759960,Cj1662090,American
PS00804,Bhavani,Chatterjee,Female,1956-07-22,shaurya66@example.org,+915315021323,FG7025386,British
PS00805,Daksha,Deshpande,Female,1992-08-17,balvan32@example.net,1999001162,QN1417640,Japanese
PS00806,Brijesh,Magar,Male,2007-09-17,modiupadhriti@example.net,8909304953,Gn9309163,French
PS00807,Gayathri,Nanda,Female,1988-08-25,chameli51@example.net,0714004909,XJ6360667,Japanese
PS00808,Yashodhara,Loke,Female,1978-10-20,omody@example.net,+913818954224,DI6825200,American
PS00809,Tanay,Date,Male,1994-06-23,warinder68@example.org,+917908993259,YN8677763,Canadian
PS00810,Jagrati,Naidu,Female,1983-08-06,janujadugar@example.net,5403024477,mw0162592,Australian
PS00811,Dayamai,Sheth,Female,2001-12-29,chadhaanya@example.org,04122438759,tj3604779,British
PS00812,Darpan,Wali,Male,2008-01-22,ogarde@example.org,03141583487,Ql0902620,Canadian
PS00813,Vrishti,Morar,Female,1971-01-20,yaminipathak@example.com,07901330555,Gd0338645,British
PS00814,Leena,Seth,Female,1984-06-16,qabil90@example.net,+912393836047,mE2215958,German
PS00815,Tanvi,Edwin,Female,2003-07-04,aashivasa@example.org,5848974227,Di9784973,Singaporean
PS00816,Kabir,Sinha,Male,1976-12-02,xkhatri@example.net,6064821020,re6652815,Singaporean
PS00817,Hemangini,Gade,Female,1979-04-12,ramachandranjason@example.org,07071257902,Nh6809560,Australian
PS00818,Hardik,Andra,Male,2006-08-20,palkavya@example.net,+913134650790,gh0407058,British
PS00819,Lakshmi,Kalita,Female,1966-09-09,neelima66@example.com,3360639232,yJ3828820,Singaporean
PS00820,Henry,Kari,Male,1988-06-14,semtejas@example.net,+917499788405,NQ9276790,UAE
PS00821,Girik,Chakraborty,Male,2005-02-06,mangatdamini@example.com,+913531762864,zF8416800,American
PS00822,Krisha,Magar,Female,2007-09-28,yutikadas@example.net,09622289092,il5127905,UAE
PS00823,Umang,Mistry,Male,1966-03-16,jgara@example.com,05524016452,bL6890287,Indian
PS00824,Abhiram,Bajwa,Male,1977-04-28,cmannan@example.org,+916557159062,WU1198556,French
PS00825,Rehaan,Dhaliwal,Male,1957-07-24,frederickkrish@example.com,5858840649,zD4836722,Australian
PS00826,Gautami,Bali,Female,1975-10-29,harshmaharaj@example.net,+912923845025,mi7503601,Canadian
PS00827,Sudiksha,Venkataraman,Female,1987-01-04,gokhalereva@example.org,0856352604,Jm8127551,British
PS00828,Yahvi,Roy,Female,1957-07-12,rdeo@example.com,+916712315628,ah5984534,British
PS00829,Vedika,Dutta,Female,1968-05-24,sdeo@example.com,04249897732,Hj9033441,Japanese
PS00830,Mohammed,Deo,Male,1971-12-15,chakradhar93@example.com,+917153332758,hR1489969,Indian
PS00831,Omaja,Sastry,Female,1977-12-22,lalldarika@example.net,+910878001016,qG1264055,UAE
PS00832,Pushti,Pai,Female,1972-12-02,yashodharamurthy@example.org,+917227519527,Dp3388077,German
PS00833,Charvi,Kumar,Female,1992-12-22,azaansidhu@example.org,+918501267763,aV4640798,British
PS00834,Ekavir,Dora,Male,1956-07-25,faraj08@example.org,6268551665,Hc5580413,Australian
PS00835,Neha,Nath,Female,1991-12-24,radhikadasgupta@example.com,07620211750,Vg7152223,Australian
PS00836,Chakrika,Doshi,Female,2006-11-10,lavanya37@example.org,7000122823,Ky1158977,American
PS00837,Champak,Chatterjee,Male,2001-01-04,abhaom@example.com,+919410470738,eS5412844,American
PS00838,Anay,Chada,Male,1982-06-29,dugalaarini@example.net,+917603544118,qr3149385,German
PS00839,Advaith,Mishra,Male,2000-08-10,ranveersinghal@example.net,+917407916924,Jt8452216,Japanese
PS00840,Gayathri,Purohit,Female,1990-06-01,azaanbava@example.org,2702596091,ij0727373,German
PS00841,Jagvi,Bail,Female,1988-04-29,lekha88@example.net,9233851533,gP7183381,American
PS00842,Luke,Kala,Male,1971-03-03,ishanker@example.com,9272359569,YN4262466,UAE
PS00843,Diya,Dhillon,Female,1989-01-12,ikunda@example.com,+913280150029,vQ7338212,American
PS00844,Ijaya,Handa,Female,1994-05-13,idikadewan@example.net,+912497297672,bG8215295,German
PS00845,Udarsh,Chawla,Male,1977-12-08,fgole@example.com,7803131653,PA9697520,Singaporean
PS00846,Zarna,Bhalla,Female,1959-02-17,darshnath@example.net,08475177888,sn8345506,British
PS00847,Nachiket,Aggarwal,Male,2003-08-25,munshidev@example.net,05968635917,Lq2011888,American
PS00848,Manya,Dhar,Female,1969-11-06,iyohannan@example.com,9309269339,xm9111911,American
PS00849,Rachita,Manda,Female,1959-12-11,baljiwan06@example.net,05546676106,QM6106008,French
PS00850,Noah,Atwal,Male,2007-06-04,randhawagayathri@example.net,+912441426376,DN4647631,British
PS00851,Ayushman,Joshi,Male,1959-06-23,chasmum09@example.org,09165922840,Ju7530608,Japanese
PS00852,Isha,Kant,Female,1961-08-16,nshukla@example.com,3167046360,Xc9312438,Singaporean
PS00853,Agastya,Srinivasan,Male,1976-06-01,urvi78@example.net,00705307840,Fk7894020,Australian
PS00854,Triya,Pradhan,Female,1957-12-30,dhriti19@example.org,+916697280272,mH2382109,American
PS00855,Viraj,Prabhakar,Male,1966-02-13,nkhalsa@example.com,07587315706,rU2307737,Singaporean
PS00856,Dipta,Parmar,Female,1987-02-17,chanderteerth@example.net,09287953731,PO4952938,Australian
PS00857,Amaira,Cherian,Female,2004-03-18,sneha19@example.com,+919164734628,kd4470620,Indian
PS00858,Ayushman,Doctor,Male,1996-10-08,fiyazdhawan@example.org,09960016179,hy8983439,Indian
PS00859,Damini,Hans,Female,1981-01-27,yagneshbala@example.com,3788513049,TB5258695,UAE
PS00860,Azaan,Subramanian,Male,1991-12-06,madanoliver@example.com,1736717196,qp9147900,Japanese
PS00861,Nitesh,Mall,Male,1958-07-10,upkaar27@example.com,+910149123046,qh1420140,UAE
PS00862,Aarna,Shroff,Female,1991-01-15,ramakrishnananay@example.com,6550724789,QO9349999,UAE
PS00863,Oviya,Nayar,Female,1970-06-18,anay85@example.com,1882767471,Fb8296355,Australian
PS00864,Libni,Pillai,Female,1964-06-26,amritagoda@example.com,+911669433174,Bn4338135,British
PS00865,Ekani,Rajagopalan,Female,1976-03-26,gsane@example.net,00303977623,Av7013860,Japanese
PS00866,Ati,Subramaniam,Female,1999-09-04,damyanti32@example.net,+914155569160,Kl8580400,Australian
PS00867,Ishaan,Srinivasan,Male,1970-12-07,hnayak@example.com,01993462286,qu9998910,Canadian
PS00868,Ria,Nagar,Female,2006-07-18,cbuch@example.org,3728632617,wg7691187,French
PS00869,Gabriel,Bakshi,Male,1982-02-15,ukoshy@example.org,+917427535607,dC3435835,Canadian
PS00870,Gaurang,Sha,Male,1982-09-13,llanka@example.org,+918068320407,IP9283540,Canadian
PS00871,Manan,Iyer,Male,1978-05-27,bajajgarima@example.com,+911773089785,pU1549928,UAE
PS00872,Charan,Balan,Male,2000-09-22,araman@example.com,6680624774,FO0874398,German
PS00873,Vihaan,Mital,Male,1986-04-19,riyavyas@example.net,1049423491,gT0571295,Japanese
PS00874,Ekavir,Kaul,Male,1999-01-05,dhriti41@example.org,+914070585445,bU7403211,Singaporean
PS00875,Vyanjana,Thakur,Female,1956-12-28,nidranaidu@example.org,5735010426,Jx6786571,Canadian
PS00876,Lakshit,Buch,Male,2003-03-29,bhavani20@example.net,1187633007,bG6789750,Canadian
PS00877,Niharika,Nigam,Female,1979-02-27,urvi10@example.org,08032798914,Ps8995075,Indian
PS00878,Elijah,Parsa,Male,2003-05-02,balhaaranne@example.com,3271129505,JZ0826772,Canadian
PS00879,Vasana,Dass,Female,1984-11-30,azad22@example.org,02420976046,ET9551288,American
PS00880,Anamika,Doctor,Female,1957-01-13,xkhare@example.net,03680578796,gC3501499,Canadian
PS00881,Nilima,Hayer,Female,1982-09-20,widisha03@example.org,01171251044,qr4296238,Australian
PS00882,Prisha,Pradhan,Female,1959-03-09,sahotaayaan@example.net,7443269402,XJ6079402,Indian
PS00883,Charan,Kala,Male,1961-03-03,vihaandhaliwal@example.org,00448158067,lx9518315,UAE
PS00884,Bahadurjit,Peri,Male,1981-08-20,jhalakbrar@example.com,+913288787735,BL0185159,Indian
PS00885,Balveer,Natt,Male,2002-08-26,darpan16@example.com,+914922061195,fy3323366,Canadian
PS00886,Bhavani,Choudhry,Female,1976-08-22,mahikaborra@example.com,09314221021,sm6700039,UAE
PS00887,Eshana,Badami,Female,2005-04-13,shankarikbal@example.org,3642457697,be0563307,Japanese
PS00888,Yatan,Dayal,Male,1960-04-15,hemal46@example.org,07702007296,KN6927608,German
PS00889,Rachana,Suresh,Female,1965-02-01,yramakrishnan@example.org,07424430087,DJ0184289,Japanese
PS00890,Teerth,Ray,Male,1996-06-22,advaithprashad@example.net,06506563429,WC6725986,German
PS00891,Eta,Sami,Female,1959-06-22,rdeol@example.com,8875853273,pK7930924,British
PS00892,Chandani,Pant,Female,2002-09-16,csahota@example.net,07866612345,rE1457776,Canadian
PS00893,Watika,Merchant,Female,1983-05-28,iparikh@example.org,3072715509,RU3495426,UAE
PS00894,Hitesh,Kaul,Male,1975-04-29,guhapranav@example.com,09478749391,ej3927104,British
PS00895,Bishakha,Hayer,Female,1982-05-21,ojasvi26@example.com,07359080043,By7940008,Australian
PS00896,Arya,Swaminathan,Female,1975-12-31,akibe@example.com,+916861495552,di9127799,Canadian
PS00897,Anthony,Koshy,Male,1974-11-24,leena62@example.com,9071807709,Xe7141210,Japanese
PS00898,Ekiya,Yogi,Female,1981-09-17,siya79@example.org,04304872267,Cx9645828,French
PS00899,Ladli,Wagle,Female,1985-01-02,anushadugar@example.net,2827624058,jZ5186128,American
PS00900,Indrajit,Muni,Male,1960-12-02,small@example.com,07050488170,jy7419627,Indian
PS00901,Advik,Bumb,Male,2004-12-10,maanas87@example.org,7469749447,IF3883051,Singaporean
PS00902,Xalak,Palla,Female,1970-08-12,duttagopal@example.com,05163984582,RR9044136,Canadian
PS00903,Maya,Bobal,Female,2006-05-10,shivaniravi@example.org,7933785847,kI9982914,Japanese
PS00904,Kalpit,Koshy,Male,1981-04-26,chadanandini@example.org,+917530677251,BW2959862,American
PS00905,Gaurangi,Dave,Female,2005-07-06,vrindarout@example.org,07337034340,VT9935846,Australian
PS00906,Parth,Karan,Male,2000-07-01,cbehl@example.org,+910243853465,Os4848684,UAE
PS00907,Abdul,Dube,Male,1959-07-23,mukhopadhyayrajeshri@example.net,7693407886,LY4377562,Japanese
PS00908,Aayush,Mander,Male,1992-05-02,tkant@example.net,2284760046,OQ3208007,UAE
PS00909,Divya,Lalla,Female,1988-03-17,labanbakshi@example.net,07970458158,rZ0853708,British
PS00910,Charita,Grover,Female,1964-03-05,yauvani34@example.net,+918126833105,Av6338021,German
PS00911,Maanas,Sha,Male,1966-07-24,chadalucky@example.org,+915555347197,DF1122318,Australian
PS00912,Harinakshi,Panchal,Female,1999-03-17,lokeimaran@example.net,3712650870,ss9793915,Australian
PS00913,Chakradev,Raghavan,Male,1991-05-23,boradhriti@example.com,00460910894,gU4482498,Japanese
PS00914,Tristan,Mallick,Male,1999-01-24,whari@example.com,+910778534905,jh6117447,Japanese
PS00915,Veer,Garde,Male,1980-02-04,basakhredhaan@example.com,+918539641646,zJ0721530,British
PS00916,Kamya,Yohannan,Female,2007-09-10,charnaksh@example.org,+917592533949,Gb6922977,German
PS00917,Omya,Magar,Female,2002-02-05,viraj59@example.org,+917361607612,UI2340283,Singaporean
PS00918,Janani,Char,Female,1994-07-18,xbhandari@example.net,05452224501,IE5257288,Australian
PS00919,Netra,Krishnan,Female,1997-04-01,jdivan@example.com,3377729044,JT7487619,Canadian
PS00920,Shivansh,Goswami,Male,1995-11-26,ati14@example.com,01553900432,vJ2198209,Singaporean
PS00921,Advik,Rege,Male,1983-02-21,madhavichawla@example.org,01350335630,bP9266211,Singaporean
PS00922,Anmol,Vaidya,Male,1960-01-21,nathnandini@example.com,1278517357,Oq1440566,Indian
PS00923,Bina,Chopra,Female,1964-12-11,iryamahajan@example.com,7957212990,TO8329533,British
PS00924,Michael,Sachdev,Male,1965-08-18,srajagopalan@example.com,+917501537652,VO4907804,British
PS00925,Falak,Zacharia,Female,2002-02-19,qparsa@example.net,08703765954,hA5588856,American
PS00926,Yashawini,Zachariah,Female,1970-02-08,alexander35@example.org,+919396264659,CH9268079,Singaporean
PS00927,Rushil,Mitter,Male,1982-10-17,chandranshanker@example.net,03170126833,lW5277137,German
PS00928,Sarthak,Nagy,Male,1972-05-04,lakshit94@example.net,+910062662695,cv0514691,Australian
PS00929,Jason,Raja,Male,2005-10-11,nilima56@example.net,+919455972211,Jd2334923,Canadian
PS00930,Tanay,Narasimhan,Male,1981-05-31,gabriel72@example.com,1083773678,bN4276376,Australian
PS00931,Dominic,Murthy,Male,1989-06-19,ati16@example.com,4712009800,es5865035,Singaporean
PS00932,Aarnav,Grover,Male,1963-01-27,jagvidixit@example.org,+915537626050,QC1375333,British
PS00933,Megha,Prabhakar,Female,1963-01-21,talwarjason@example.com,00519680386,Jh8136841,UAE
PS00934,Dayita,Tella,Female,1958-05-16,atwalaayush@example.org,08451017871,Ra2405185,Australian
PS00935,Zinal,Sharaf,Female,1987-08-07,menonlakshit@example.org,8356785285,Ht4287731,Canadian
PS00936,Mason,Ganguly,Male,1963-04-08,daliaabha@example.net,7687327524,Jw9228279,Japanese
PS00937,Yashawini,Parmar,Female,1960-03-18,yagneshghose@example.org,04088761875,Fq8950384,Canadian
PS00938,Yatin,Rout,Male,1969-09-28,ishwar02@example.net,2768543251,lN0833653,American
PS00939,Prisha,Bail,Female,1963-02-24,luke23@example.com,08177020167,BX8566456,UAE
PS00940,Saksham,Bora,Male,1987-01-20,kamyabalakrishnan@example.org,+910548701818,nC8200313,Canadian
PS00941,Harish,Seth,Male,2004-09-28,karpebalveer@example.com,+913144024319,Nq2567866,German
PS00942,Anthony,Parmer,Male,2001-03-15,hritikdyal@example.net,+912001236533,Qk0896788,Indian
PS00943,Ronith,Dayal,Male,1981-09-30,xbasak@example.net,4534706658,mx4307752,British
PS00944,Lohit,Yohannan,Male,2007-03-05,ramankashvi@example.net,+911447944287,oH0813148,Singaporean
PS00945,Jairaj,Anne,Male,1999-02-26,bhavsarhema@example.net,02810293246,KI3981617,Australian
PS00946,Ekiya,Hari,Female,1956-10-01,sibalrayaan@example.net,+917063671271,Te2841011,UAE
PS00947,Faqid,Srinivasan,Male,1968-11-29,bailumang@example.com,+915655449266,wO4233244,Australian
PS00948,Ekansh,Lata,Male,1974-07-05,fdara@example.net,03389521791,lp0826512,German
PS00949,Yashasvi,Dixit,Female,1986-10-03,esha@example.com,05125031491,qr0689368,American
PS00950,Nidra,Sura,Female,1991-12-19,zbaral@example.net,+913481250019,kg4981677,German
PS00951,Kritika,Zacharia,Female,1973-12-31,hmallick@example.net,07783450947,TC9230499,British
PS00952,Aarav,Basu,Male,1974-04-17,chatreshpal@example.org,+912259157233,JZ7367666,French
PS00953,Advik,Bora,Male,1989-10-12,yashasvi08@example.net,+910954484565,LB3934792,French
PS00954,Kai,Bhattacharyya,Male,1975-07-21,kadenirja@example.com,06467338679,aA9563845,Indian
PS00955,Hemangini,Sridhar,Female,1999-06-13,tanay32@example.net,+918559252815,gS9920320,Japanese
PS00956,Sai,Chandran,Female,1968-05-16,egolla@example.com,7524416171,xd7799168,French
PS00957,Abdul,Narang,Male,1981-01-05,binagola@example.com,09352819476,Wv8227167,UAE
PS00958,Janaki,Kar,Female,2000-05-24,fbath@example.com,+910967826056,Px5365426,UAE
PS00959,Netra,Bera,Female,1984-04-20,nandini39@example.net,04479452724,jg8084249,American
PS00960,Sachi,Bahl,Female,1994-05-09,chaudryaarnav@example.com,+910114027111,xX2174812,Indian
PS00961,Praneel,Ramachandran,Male,1980-05-15,ekbaldin@example.com,+917747424092,lT5644255,Australian
PS00962,Kritika,Sarna,Female,1956-09-09,baljiwan56@example.com,+914229819193,IR7863043,Australian
PS00963,Qabil,Dugal,Male,1999-08-13,rkhurana@example.net,+917754259073,kw1812031,Japanese
PS00964,Mohammed,Yadav,Male,1982-06-25,phanda@example.com,05100383118,Ln7992442,Australian
PS00965,Gaurang,Kamdar,Male,1977-08-08,robertbasak@example.com,+916698448451,nr7292408,British
PS00966,Bhavika,Prabhakar,Female,2005-05-08,loyalgopal@example.com,02320439464,FF5179117,Canadian
PS00967,Sudiksha,Sathe,Female,1991-02-03,jagvi13@example.org,+917595068972,pb7413101,UAE
PS00968,Alexander,Solanki,Male,2004-03-01,balvansoni@example.com,6597493677,hY3231645,UAE
PS00969,Devansh,Bhardwaj,Male,1995-03-03,onidada@example.org,4193017685,ka6739023,British
PS00970,Reyansh,Doctor,Male,2005-05-03,aradhana26@example.org,04969923815,WQ7574868,Japanese
PS00971,Wazir,Prakash,Male,1985-05-09,zachariayahvi@example.org,04060558583,Hx6476878,Canadian
PS00972,Jasmit,Borra,Female,2004-07-30,ssaha@example.net,0260896428,Qw2001737,Australian
PS00973,Aashi,Bains,Female,1986-10-10,esangha@example.com,1863883161,mH8126653,French
PS00974,Irya,Gandhi,Female,1974-08-06,tanish33@example.org,04879000315,fm3694524,American
PS00975,Anthony,Jani,Male,1994-06-18,faras07@example.net,4489257302,kv0032569,British
PS00976,Yashodhara,Chaudhari,Female,1992-04-11,birjanaki@example.com,+913271514836,KS1647581,UAE
PS00977,Charan,Morar,Male,1986-01-16,devanshram@example.org,+919425893115,ut7277455,Japanese
PS00978,Luke,Murthy,Male,1990-02-01,faqidcheema@example.com,8939345870,bu6649455,Singaporean
PS00979,Jonathan,Varughese,Male,1959-03-03,sanayabasak@example.org,7872143534,tD2873959,Indian
PS00980,Lavanya,Ahluwalia,Female,1963-07-20,vinaya03@example.org,+912003698081,rB7083120,Australian
PS00981,Kabir,Deo,Male,1978-08-15,manyamallick@example.net,+917739183656,VU6556600,French
PS00982,Ucchal,Shenoy,Female,1998-04-21,ychatterjee@example.com,+918836253041,Py3599601,Indian
PS00983,Dalaja,Bera,Female,1991-03-30,subramaniandivya@example.org,02429262168,wJ3591591,German
PS00984,Jhalak,Sharma,Female,1987-09-20,muttiagastya@example.net,2175640063,Ub7980586,Indian
PS00985,Dalaja,Madan,Female,1960-05-16,aayushsachar@example.org,0466084610,mW2305539,German
PS00986,Ladli,Karnik,Female,1973-03-07,walivedhika@example.net,02908090323,CX9633891,Indian
PS00987,Neelima,Kata,Female,1970-12-01,khannasimon@example.org,+918246686249,NZ7287541,Indian
PS00988,Mohammed,Purohit,Male,1976-01-22,narulaveda@example.net,7024247462,vI4973944,Japanese
PS00989,Samar,Iyer,Male,1984-11-03,oliver01@example.com,00001179328,ic5181052,Australian
PS00990,Max,Pathak,Male,1966-12-07,jackkoshy@example.org,7313652966,Ys6217712,Australian
PS00991,Ekapad,Nadig,Male,1972-06-22,william92@example.net,4939652286,jE3352317,French
PS00992,Tristan,Rajagopalan,Male,1998-10-29,jbhatt@example.net,+910827163973,qx0629445,Singaporean
PS00993,Bishakha,Bhasin,Female,2006-10-07,warhimammen@example.net,+912052315950,yh2239483,French
PS00994,Alexander,Bains,Male,1966-05-31,kritikasrinivasan@example.net,07477059370,Yd6732778,German
PS00995,Ansh,Khatri,Male,2005-07-12,edhitha78@example.net,4445628869,Ad7172910,Australian
PS00996,Udyati,Golla,Female,1990-08-29,fiyaz89@example.org,00203525897,QR6632394,French
PS00997,Aashi,Uppal,Female,1974-01-13,mmadan@example.com,09133735949,Ku9724304,Indian
PS00998,Saumya,Bhatt,Female,1979-12-22,bahadurjit87@example.org,+915580867723,Uw3297003,French
PS00999,Tamanna,Khurana,Female,1965-06-17,varsha89@example.com,03540369789,Se6023965,Indian
PS01000,Kevin,Sarraf,Male,2000-06-30,tarababu@example.net,03172043021,zG0751246,British
